,Unnamed: 0,PGC,GWGC,HyperLEDA,2MASS,SDSS-DR12,flag,RA,dec,Luminosity Distance,Distance Error,Redshift,Absolute B Magnitude,Luminosity_Rank,B Luminosity
2737,3212,67375.0,NGC7124,NGC7124,21480540-5033549,,G,327.0225220000001,-50.565269,74.2414067668,,0.0163436781718,-21.9732,0.0017681847902221914,48448462569.469635
11271,11751,67634.0,NGC7151,NGC7151,21550553-5039198,,G,328.773071,-50.655506,27.536221346399998,,0.00532644266322,-19.0895,0.00732220958587727,3402514620.2702537
11929,12410,67215.0,NGC7106,NGC7106,21423659-5241583,,G,325.652466,-52.699551,48.838308577,,0.011911,-19.9208,0.007743353264419997,7316780051.905822
14883,15367,,,ESO189-018,21592729-5445222,,G,329.863739,-54.75618000000001,144.416102282,,0.041399,-20.7211,0.0096175710149506,15291144768.531446
17040,17524,,,67298,21452953-5136250,,G,326.373077,-51.606956,240.136074232,,0.031651,-22.0653,0.01098813829620872,52737556054.53152
17780,18265,128986.0,PGC128986,PGC128986,21495695-5242191,,G,327.487305,-52.705315,72.0605214382,,0.015257,-19.8155,0.01147234395228705,6640488057.745772
17934,18419,,,ESO189-012,21553888-5452344,,G,328.912018,-54.876225,121.931201747,,0.0272288236144,-19.8206,0.011565042245064829,6671753620.886268
20076,20561,,,128979,21563230-5353560,,G,329.134613,-53.898895,137.775836672,,0.033705,-20.5559,0.01289843717664272,13132880726.606785
21572,22057,,,ESO189-014,21564396-5352145,,G,329.183167,-53.87070500000001,137.425329615,,0.028791000000000008,-20.2473,0.013806689656648129,9883710132.182238
22816,23302,,,,21430132-5240599,,G,325.7555240000001,-52.683323,71.2562978328,,0.050438,-18.9071,0.014569478185183875,2876338537.2328906
23371,23858,67230.0,PGC067230,PGC067230,21430649-5241249,,G,325.777069,-52.690277,73.0628198712,,0.022535,-18.9835,0.014919250729964131,3086028979.436076
26158,26646,,,67380,21481579-5458553,,G,327.065796,-54.982044,171.134686152,,0.0376347488174,-22.0267,0.016599202643525792,50895572043.00161
26593,27081,67187.0,IC5125,IC5125,21415020-5246248,,G,325.459167,-52.773571,70.7993530508,,0.013075,-20.3501,0.016874694651875206,10865256917.231243
26803,27291,,,95400,21482310-5458163,,G,327.096283,-54.971203,173.225008548,,0.047688,-21.0731,0.017011309198268744,21146573198.203686
30603,31093,,,448534,21434056-5206460,,G,325.919006,-52.112789,237.366706613,,0.056026,-21.4031,0.019293037536644644,28657612105.71168
30635,31125,,,ESO189-005,21505818-5433078,,G,327.742432,-54.552193,126.006567141,,0.028564,-20.814,0.019311002047375233,16657123280.688187
34414,34904,,,129030,21480531-5359413,,G,327.022125,-53.994816,132.625648295,,0.036972000000000005,-20.4081,0.021499705217429558,11461461502.369513
34848,35338,,,129827,21433440-5122259,,G,325.893372,-51.373867,245.80724470400003,,0.046924,-21.385,0.021745764931978717,28183829312.644608
36474,36965,,,ESO236-043,21460418-5014485,,G,326.517456,-50.24683,245.667788285,,0.044331,-21.3767,0.022679310669409456,27969197135.994804
36520,37011,,,128982,21522194-5224521,,G,328.091431,-52.414486,237.394527965,,0.056613,-21.2644,0.02271000292044143,25220866307.214542
43239,43732,128984.0,PGC128984,PGC128984,21513021-5238153,,G,327.875885,-52.6376,38.8162427165,,0.00861,-17.5871,0.025369195253742,852785878.2086631
44846,45339,454855.0,PGC454855,PGC454855,21575268-5134388,,G,329.469513,-51.577454,121.198132344,,0.02785,-19.1455,0.02583918984146113,3582613845.8386726
50925,51418,67427.0,ESO189-003,ESO189-003,21494880-5240191,,G,327.453369,-52.671986,67.8748732253,,0.0154261877131,-18.2485,0.027391714728161005,1568194765.9159698
83103,83596,,,67143,21400938-5407057,,G,325.0390930000001,-54.118275,282.58718440900003,,0.063027,-21.1418,0.039642606101377535,22527863188.30561
83104,83597,,,67169,21412022-5054280,,G,325.33429,-50.907795,176.290296947,,0.03919,-20.0871,0.039642921259532865,8527858782.086631
83114,83607,,,67292,21451473-5009230,,G,326.311401,-50.156391,199.686606813,,0.044492,-20.6527,0.03964993427566312,14357538846.354044
83121,83614,,,67319,21460696-5216025,,G,326.529022,-52.267387,201.924222236,,0.044946,-20.9659,0.03965396054176784,19158433682.46917
83124,83617,,,67353,21472377-5452091,,G,326.84906,-54.86920500000001,164.763266017,,0.037411,-20.5603,0.0396554370330282,13186210366.815279
86204,86697,,,94980,21495311-5349371,,G,327.471313,-53.826981,234.442130596,,0.052466,-20.7162,0.04106903702003647,15222290300.288074
89461,89954,,,128915,21463585-5225001,,G,326.649384,-52.416702,216.584931782,,0.04829,-20.5411,0.042493420324881265,12955077041.49238
89462,89955,,,128916,21463660-5341191,,G,326.652527,-53.68865200000001,102.743028412,,0.0244322522161,-19.9188,0.04249369022840205,7303314451.049195
89463,89956,,,128917,21460057-5336115,,G,326.502411,-53.603214,113.25315668799999,,0.02668,-20.5123,0.04249415646734965,12615951187.759302
89473,89966,,,128932,21464874-5357102,,G,326.703094,-53.952835,238.59570537599998,,0.053401,-21.5653,0.04250146119617927,33275148322.54246
89476,89969,,,128936,21451239-5454340,,G,326.301636,-54.90947,216.42366742,,0.048216,-20.8565,0.04250333684773168,17322078404.28825
89494,89987,,,128988,21471012-5337071,,G,326.792175,-53.618645,176.85911321900002,,0.039456,-20.7751,0.04251532342381775,16070892645.879368
89506,89999,,,129014,21564412-5424229,,G,329.183868,-54.406384,196.45673444099998,,0.044464,-20.7993,0.0425221517595138,16433118992.696941
89512,90005,,,129022,21512833-5454204,,G,327.868042,-54.90569300000001,102.187856169,,0.024408000000000003,-19.706,0.042526093755316914,6003437587.325639
89513,90006,,,129023,21512300-5425214,,G,327.845856,-54.42263000000001,222.631175902,,0.049743,-20.9389,0.04252678439026293,18687878420.03675
89514,90007,,,129025,21510325-5420008,,G,327.76355,-54.333569,224.82922211099998,,0.05026,-21.1023,0.04252758719245525,21723009893.76017
89519,90012,,,129031,21465614-5416020,,G,326.733917,-54.26724599999999,239.19413736599998,,0.053538,-21.4298,0.04253186691264712,29371085667.350964
89806,90299,,,129790,21434361-5018200,,G,325.931732,-50.305573,239.565312142,,0.053593,-20.9481,0.042724093138950286,18846903201.212917
89807,90300,,,129793,21400187-5046329,,G,325.007812,-50.775806,258.316818485,,0.057748,-21.2868,0.04272504463841828,25746606767.02261
89826,90319,,,129823,21464468-5115341,,G,326.686188,-51.259495,214.475303179,,0.047749,-20.8239,0.042737918326998886,16809701442.750347
89827,90320,,,129826,21454220-5135399,,G,326.425842,-51.594437,191.51972094599998,,0.042901,-20.9321,0.04273860464999355,18571201406.99773
89828,90321,,,129829,21430457-5131559,,G,325.769073,-51.532219,241.514659824,,0.054038,-21.0457,0.04273936667381828,20619588788.335804
89829,90322,,,129831,21400060-5148268,,G,325.002502,-51.807472,219.917976356,,0.049094,-20.8983,0.04274003196007161,18001968606.382683
89859,90352,,,129883,21574773-5007198,,G,329.448883,-50.122177,176.499609401,,0.039634,-20.8827,0.042758300922750056,17745163287.73116
89863,90356,,,129896,21572764-5127037,,G,329.365173,-51.451035,237.723765009,,0.053203,-21.2804,0.04276176865753638,25595286784.39188
89864,90357,,,129897,21564458-5127095,,G,329.18576,-51.452644,200.117501912,,0.044705,-20.5414,0.04276224756163049,12958657156.15361
89865,90358,,,129898,21550438-5132348,,G,328.76828,-51.543011,274.96391168,,0.0613658106829,-21.0964,0.04276304601314646,21605285022.00197
89866,90359,,,129899,21532515-5151459,,G,328.354828,-51.86277000000001,283.856242119,,0.063377,-21.4625,0.04276416464852338,30269134281.01317
89867,90360,,,129900,21503372-5215036,,G,327.640533,-52.251011,207.520469367,,0.046036,-21.0503,0.04276492990770643,20707134290.16428
96710,97203,,,163332,21433539-5223558,,G,325.897491,-52.398861,281.431339139,,0.062766,-21.1059,0.04674310580031797,21795156910.81564
96711,97204,,,163338,21434383-5328090,,G,325.932648,-53.469185,130.401241473,,0.030371,-19.6734,0.04674332110255874,5825859410.043262
96713,97206,,,163344,21435620-5135031,,G,325.984192,-51.584198,218.40085791099997,,0.048723,-20.5623,0.046744453377966386,13210522649.519459
96715,97208,,,163348,21440914-5213230,,G,326.038086,-52.223076,254.492870636,,0.056917,-20.8014,0.04674545745406318,16464934220.884174
96780,97273,,,163587,21595236-5119013,,G,329.968201,-51.317043,208.343048176,,0.046304000000000005,-20.2719,0.04677781020432523,10110205892.290121
99531,100024,,,189442,21400287-5038039,,G,325.011963,-50.634422,246.053631939,,0.055044,-19.8641,0.04826809068394386,6944484293.596111
99549,100042,,,189738,21440209-5017191,,G,326.008728,-50.288643,223.19901730400002,,0.049844,-20.4675,0.04827896243595873,12105981335.504879
99550,100043,,,189867,21442997-5452139,,G,326.124908,-54.870552,172.18421764200005,,0.0384865092433,-19.58,0.04827915999119705,5345643593.969735
99554,100047,,,189974,21445921-5127167,,G,326.246735,-51.454655,243.451213621,,0.054471000000000006,-19.6851,0.048281109481987966,5888978923.581761
99593,100086,,,190345,21493779-5341571,,G,327.407471,-53.6992,269.224814072,,0.06014,-21.2076,0.048304397713874035,23935361990.843426
99596,100089,,,190372,21494793-5136001,,G,327.449738,-51.60004,263.719693427,,0.058931,-20.8257,0.048306161580556214,16837592709.218328
99605,100098,,,190525,21504723-5339245,,G,327.6968080000001,-53.656826,230.506609682,,0.051571000000000006,-20.1644,0.048310855187221766,9157143078.440292
99608,100101,,,190546,21505767-5116223,,G,327.740326,-51.272869,284.11951265700003,,0.063398,-20.8135,0.04831294114329718,16649454157.952784
99613,100106,,,190589,21511493-5019224,,G,327.812225,-50.322895,218.276384024,,0.048673,-20.152,0.04831565757375883,9053155916.484873
99654,100147,,,190851,21574892-5452393,,G,329.453857,-54.877586,253.337214521,,0.056689,-21.2545,0.04833937523683856,24991941751.95839
99658,100151,,,190861,21575124-5451573,,G,329.463531,-54.865925,230.74260873,,0.051645535822800015,-20.8356,0.04834184197679217,16991823959.466957
103994,104487,,,415774,21593548-5447293,,G,329.897858,-54.79148100000001,215.571402578,,0.048094,-20.524,0.050572107560499145,12752637064.59738
104088,104581,,,424228,21472546-5358031,,G,326.85611,-53.967541,228.142923941,,0.051023,-20.495,0.0506185000012213,12416523075.924143
104116,104609,,,425442,21514683-5351208,,G,327.94516,-53.855785,268.733340663,,0.060034,-20.4746,0.050631625455313176,12185405892.75937
104342,104835,,,440223,21453536-5241020,,G,326.397369,-52.68389499999999,259.11479827700003,,0.05793300000000001,-20.3285,0.05073464372866536,10651235816.613796
104344,104837,,,440536,21465081-5239492,,G,326.711731,-52.66367,242.048609,,0.054166,-20.2805,0.050735790686626765,10190605747.49252
104415,104908,,,446434,21461415-5216056,,G,326.55899,-52.268223,209.23939142,,0.046451,-20.4352,0.050768617940796144,11751139990.018135
104450,104943,,,448764,21470353-5205451,,G,326.76474,-52.095879,234.69231026,,0.052508000000000006,-20.2865,0.05078495186899185,10247077008.156448
104487,104980,,,451828,21581015-5151236,,G,329.542297,-51.856575,230.05779534,,0.051476,-20.7932,0.050804400024908186,16341051548.716381
104500,104993,,,452785,21555215-5146077,,G,328.9673160000001,-51.768818,265.126695872,,0.0592385096193,-20.5473,0.05081103194814875,13029267483.687502
104537,105030,,,455699,21543128-5129557,,G,328.630371,-51.498817,274.2747104,,0.061216,-20.9409,0.0508315731752293,18722334489.72237
104624,105117,,,461014,21463413-5059011,,G,326.642242,-50.983643,250.724474316,,0.056080999999999985,-20.953000000000007,0.050876846859552204,18932152757.77476
104677,105170,,,463636,21470393-5043261,,G,326.766388,-50.723934,257.859581768,,0.057647,-20.5259,0.05090347034923783,12774973267.00075
104681,105174,,,67365,21475168-5039550,,G,326.965363,-50.665302,262.336632479,,0.058624,-21.2473,0.05090576043142064,24826757374.002243
104708,105201,,,466148,21543952-5028058,,G,328.664673,-50.468285,243.088894949,,0.05439,-20.8578,0.05091862439799918,17342831316.946167
104748,105241,,,469006,21581142-5011266,,G,329.547607,-50.190746,244.989183503,,0.054815,-20.8847,0.05094137665411965,17777881211.568245
133325,133818,,,3319725,21400788-5044419,,G,325.032867,-50.744991,210.59126997200002,,0.046847,-19.2632,0.06330339821341388,3992822461.7280736
137004,137497,,,ESO236-031,21411707-5145480,,G,325.321136,-51.763359,179.968937195,,0.040212,-21.102,0.06524064831350572,21717008433.479927
137026,137519,,,ESO189-008,21521749-5424017,,G,328.072906,-54.400494,168.36942167200002,,0.0378035889018,-19.3813,0.06525336963080967,4451639630.061799
137036,137529,,,ESO189-011,21552215-5340467,,G,328.8423160000001,-53.67965699999999,134.339912516,,0.031311,-19.761,0.06525799412419629,6315387453.743851
137040,137533,,,ESO237-017,21563288-5202058,,G,329.137024,-52.034958,215.055545142,,0.04794,-21.0578,0.06526031125121749,20850669287.93354
140101,140594,,,67412,21490832-5417515,,G,327.284668,-54.297661,241.031857788,,0.053952,-20.6024,0.06677358511270233,13707555091.025349
141802,142295,,,92693,21433074-5019449,,G,325.878113,-50.329155,265.379176668,,0.059284,-20.1793,0.06754153909967488,9283676530.464815
141839,142332,,,95046,21500008-5027291,,G,327.5003660000001,-50.458084,261.561244113,,0.058454,-20.9749,0.06755971186785391,19317903843.53281
141840,142333,,,95047,21500479-5027120,,G,327.519989,-50.453354,205.13204067,,0.045533,-20.6872,0.06756025960040311,14821085068.487394
142151,142644,,,128981,21551001-5337437,,G,328.791718,-53.62883000000001,136.77385309299999,,0.031971,-19.816,0.06773265544302245,6643546819.760057
142254,142747,,,129824,21464179-5118531,,G,326.674164,-51.31477,228.397250965,,0.051066,-20.9865,0.0677973515930367,19525402712.986526
143864,144357,,,163449,21562613-5323108,,G,329.1088870000001,-53.38636,260.70665438099996,,0.058288,-20.6998,0.06856686658231413,14994086087.888603
143865,144358,,,163463,21564629-5109465,,G,329.192902,-51.16293,216.534247837,,0.048284,-20.2906,0.06856724670916678,10285845579.288195
143870,144363,,,163577,21594361-5345243,,G,329.931732,-53.756752,204.856566295,,0.04566,-20.5662,0.06857018429323654,13258060607.292456
145058,145551,,,189579,21403752-5049469,,G,325.1563720000001,-50.829697,279.595002407,,0.062363,-21.0926,0.06907456021819484,21529800223.809532
145067,145560,,,189938,21444959-5132548,,G,326.206665,-51.548561,207.203441728,,0.045934,-19.86,0.06907778555141347,6918309709.18939
145068,145561,,,189948,21445203-5153517,,G,326.216827,-51.89772,272.573400361,,0.060853,-20.4484,0.06907822514216802,11894878217.79538
145084,145577,,,190343,21493737-5410249,,G,327.405731,-54.173603,214.429256659,,0.047743,-20.8114,0.06908541539521383,16617282381.490103
145089,145582,,,190467,21502458-5025126,,G,327.602448,-50.420177,283.47547569,,0.06325599999999999,-20.9206,0.06908861042318215,18375535324.24528
145090,145583,,,190472,21502523-5012386,,G,327.605133,-50.210732,197.15282933,,0.04395,-19.522,0.06908879770195278,5067572841.77283
149433,149926,,,414348,21472842-5456231,,G,326.868439,-54.939762,283.67290488,,0.063264,-20.2751,0.07086525942625975,10140047747.270287
149481,149974,,,418723,21494263-5430350,,G,327.427643,-54.509724,232.54786541599998,,0.052039,-19.6856,0.07088480795381559,5891691523.149427
149498,149991,,,419396,21565159-5426349,,G,329.214996,-54.44303100000001,273.42629286700003,,0.061054,-20.0922,0.0708908575641122,8568010696.35648
149504,149997,,,419917,21472892-5423251,,G,326.870514,-54.39031600000001,247.62535907900002,,0.055419,-19.992,0.07089298082784802,7812679345.516068
149514,150007,,,421032,21563666-5416410,,G,329.152771,-54.278061,239.66739247299998,,0.053655,-19.849,0.07089622073935574,6848571591.25855
149572,150065,,,424934,21571414-5354183,,G,329.308929,-53.905106,238.280296252,,0.053344,-20.0644,0.0709175913447712,8351413745.070474
149584,150077,,,425838,21424598-5349043,,G,325.69162,-53.817871,280.75023019099996,,0.06262999999999999,-20.6576,0.07092218600575237,14422481813.742447
149587,150080,,,426217,21561784-5346518,,G,329.074341,-53.781082,224.34423237,,0.050164,-20.2856,0.07092325776541691,10238586411.664707
149651,150144,,,430330,21413302-5324028,,G,325.387604,-53.40078000000001,276.802460812,,0.061777,-20.6258,0.07094535032933709,14006189566.436808
149681,150174,,,432528,21551862-5313167,,G,328.827606,-53.221313,267.905017567,,0.059851,-20.0089,0.07095750893184583,7935238785.797719
149811,150304,,,443050,21431956-5230000,,G,325.8315120000001,-52.5,203.493314209,,0.045185,-20.3248,0.07100689127242378,10615000036.613579
149814,150307,,,443310,21581116-5228526,,G,329.546509,-52.4813,257.738284469,,0.05763500000000001,-21.0769,0.07100845199207585,21220714378.973343
149834,150327,,,444754,21425945-5222579,,G,325.747742,-52.382759,222.94509232400003,,0.049804,-19.58,0.07101644442742686,5345643593.969735
149879,150372,,,448374,21503404-5207286,,G,327.641846,-52.124622,266.31913137099997,,0.059499,-19.88,0.07103388354223973,7046930689.671453
149885,150378,,,448896,21571035-5205106,,G,329.293152,-52.086281,243.613805311,,0.054521000000000014,-19.8485,0.07103595209425742,6845418433.584828
149896,150389,,,449650,21431247-5201400,,G,325.801971,-52.027779,276.85875850599996,,0.06178,-19.9813,0.07104070857862453,7736063038.414961
149917,150410,,,451199,21422580-5154363,,G,325.607513,-51.910103,236.694428235,,0.052957,-19.6289,0.07104784649420565,5591907772.95094
149950,150443,,,453533,21461013-5141555,,G,326.542236,-51.698776,274.32627847599997,,0.061231,-19.7093,0.07105961013174389,6021712267.583138
149959,150452,,,453896,21444682-5139588,,G,326.195099,-51.66634000000001,276.961973349,,0.061799,-20.3071,0.07106390315031746,10443354009.587978
149961,150454,,,454114,21465009-5138472,,G,326.70874,-51.64644600000001,242.09039994,,0.054169000000000016,-19.8809,0.07106450881820768,7052774528.125861
149976,150469,,,455168,21464056-5132511,,G,326.669006,-51.547546,232.24229105900002,,0.051948,-19.7747,0.07106947277562425,6395580946.339453
149977,150470,,,455266,21450766-5132239,,G,326.281952,-51.539993,251.278522024,,0.056205999999999985,-19.4858,0.07106965391319947,4901398347.257549
150016,150509,,,457028,21431390-5122360,,G,325.807953,-51.376671,248.99308347099998,,0.0557,-20.3479,0.07108497543695771,10843263210.228323
150031,150524,,,458252,21471875-5114580,,G,326.828156,-51.249462,261.365089673,,0.058415,-20.2822,0.07109254856479942,10206574266.727688
150037,150530,,,458445,21423153-5113533,,G,325.631378,-51.231499,258.321484485,,0.05775,-20.5208,0.07109482536916979,12715106437.978842
150053,150546,,,459114,21424067-5109523,,G,325.6694950000001,-51.164547,233.529598468,,0.052236000000000005,-19.6757,0.07110048663679826,5838213865.196885
150065,150558,,,459536,21435240-5107231,,G,325.968353,-51.123085,276.38963932900003,,0.061673,-20.7276,0.07110478042680285,15382963161.051643
150080,150573,,,460448,21442990-5102207,,G,326.124603,-51.039108,255.886709857,,0.057216,-20.6512,0.07110998034522092,14337716869.091845
150126,150619,,,464084,21415278-5040428,,G,325.46994,-50.678566,260.449852675,,0.058212,-19.9736,0.07112694940862524,7681393259.7857685
150140,150633,,,465258,21432074-5033330,,G,325.836456,-50.55917,266.272361304,,0.05948,-20.0126,0.07113140627661674,7962326827.804272
150170,150663,,,467700,21460470-5018595,,G,326.519592,-50.316551,188.590404606,,0.042274,-20.3196,0.07114315160002077,10564282349.66195
181992,182485,,,3083198,21581302-5005516,,G,329.55426,-50.097694,204.682111345,,0.045574,-20.4224,0.08355558409422642,11613416453.95915
184769,185262,,,ESO237-020,21580631-5205057,,G,329.5263060000001,-52.084927,144.501673946,,0.033971,-20.7384,0.08472502285751615,15536743645.957874
185516,186009,,,,21542058-5328076,,G,328.585785,-53.46878100000001,227.26911355299998,,0.050833,-19.9297,0.08497004123372898,7377003678.213736
185517,186010,,,,21542697-5328215,,G,328.612396,-53.47265600000001,253.29528285599997,,0.056666,-20.8391,0.08497067121632218,17046687510.324915
185518,186011,,,,21552241-5042507,,G,328.843384,-50.7141,272.132978868,,0.060749,-20.8199,0.08497129015632107,16747886151.90602
185519,186012,,,,21562496-5200428,,G,329.104034,-52.011913,272.371923902,,0.060808,-19.3918,0.08497145627120603,4494899645.640093
198942,199435,,,,21424353-5106233,,G,325.681396,-51.106487,237.375980371,,0.053105999999999993,-21.0242,0.08941351313991258,20215291120.893436
198943,199436,,,,21423919-5114553,,G,325.66333,-51.248714,246.96960793099998,,0.05525,-20.2042,0.08941386418956697,9499046201.44712
198944,199437,,,,21444948-5012008,,G,326.206207,-50.200226,258.33548252400004,,0.057748,-21.0809,0.08941465132334546,21299038569.82132
198945,199438,,,,21452513-5147510,,G,326.354736,-51.797516,283.846839972,,0.06328099999999999,-20.1964,0.08941499986007345,9431048972.165194
198946,199439,,,,21460432-5139225,,G,326.518036,-51.656273,206.47761138,,0.045768,-20.3434,0.08941539892958532,10798414650.083914
198947,199440,,,,21465359-5023502,,G,326.723328,-50.397278,262.215174376,,0.058595,-20.7203,0.08941596361757362,15279881986.563591
198948,199441,,,,21463533-5145121,,G,326.647247,-51.753368,279.425977277,,0.06233,-20.8303,0.08941658851473203,16909080822.7032
198949,199442,,,,21464543-5158271,,G,326.689301,-51.97422,278.496487844,,0.062130999999999985,-19.8711,0.0894168468171965,6989401679.386981
198950,199443,,,,21471572-5011230,,G,326.815521,-50.189732,273.86219379700003,,0.061120000000000015,-20.9407,0.08941753859806907,18718886025.88327
211618,212111,,,,21525436-5442567,,G,328.226501,-54.715759,264.986436881,,0.059228,-20.8331,0.09370606398981378,16952743848.821796
270100,270660,67229.0,PGC067229,PGC067229,,,G,325.755,-52.6838,70.8345000677,,0.0162930681465,-19.7312,0.11231582878755296,6144407350.1267395
271324,272024,129888.0,PGC129888,PGC129888,,,G,327.718,-50.81713,66.5936097417,,0.0150175275088,-17.9372,0.11244628387804256,1177280633.915001
272479,273209,456394.0,PGC456394,PGC456394,,,G,327.136,-51.43294,69.4245638064,,0.015866137933100002,-16.3976,0.11254448209149898,285128086.8083433
286417,287642,67222.0,ESO236-034,ESO236-034,,,G,325.693,-51.2872,24.3971094066,,0.00570444285222,-17.5867,0.11385834771888285,852471758.147159
286464,287691,67707.0,ESO237-019,ESO237-019,,,G,329.336,-51.21821,36.3282699654,,0.00791490395745,-18.0012,0.11386941400103699,1248762935.6078074
304170,307854,,,67177,,,G,325.388,-54.69228,168.364883014,,0.0378035889018,-19.5013,0.1157372102299233,4971872695.179497
308738,313855,,,190611,,,G,327.846,-51.09464000000001,238.090137583,,0.0532734566367,-20.5537,0.11645644180139225,13106296842.488241
310085,315236,,,418481,,,G,328.144,-54.53672,164.749665763,,0.037466538733300005,-19.6241,0.1166845905989262,5567240719.716285
310120,315271,,,422990,,,G,325.866,-54.08857,234.91934150400002,,0.052569956285,-20.1946,0.11668893331460348,9415426554.846004
310351,315502,,,444959,,,G,327.944,-52.37006,243.38617916400003,,0.0544662572331,-18.5915,0.11671927269340883,2150799862.298115
310356,315507,,,445848,,,G,328.087,-52.30795,230.853672947,,0.051645535822800015,-19.6167,0.1167198976852321,5529425359.6165495
310381,315532,,,449821,,,G,327.498,-52.01600000000001,244.48729062900003,,0.054707967354,-18.2113,0.11672434794944328,1515374587.6705766
310393,315544,,,452939,,,G,328.315,-51.75662,239.115268068,,0.053509916755,-18.863,0.11672581379576932,2761849442.0752945
310400,315551,,,454138,,,G,329.926,-51.64422,273.71688730799997,,0.061095960548,-20.1365,0.11672690820122256,8924830977.580381
310405,315556,,,455057,,,G,329.934,-51.5578,268.770783758,,0.0600276900138,-18.3469,0.116727452592804,1716959298.1663039
310406,315557,,,455125,,,G,328.881,-51.5515,239.10598945,,0.053509916755,-19.973,0.1167277363118885,7677149537.690302
310413,315564,,,456270,,,G,329.92800000000005,-51.4459,267.558772785,,0.0597635098818,-18.4371,0.11672862096653655,1865692217.7910292
310415,315566,,,456453,,,G,329.5619999999999,-51.42661,266.34719372,,0.0595003797502,-18.9572,0.1167289064694616,3012173614.8622622
310417,315568,,,456729,,,G,326.847,-51.40314,273.71688730799997,,0.061095960548,-18.5065,0.11672903473283275,1988840705.173644
310425,315576,,,458003,,,G,328.667,-51.27573,273.726261733,,0.061095960548,-18.9366,0.11673001815160172,2955561495.386705
310428,315579,,,458149,,,G,327.098,-51.26088,228.929089128,,0.0511894155947,-18.7785,0.11673044724000962,2555053510.5132666
310438,315589,,,460202,,,G,327.8930000000001,-51.06195,238.09477547,,0.0532734566367,-19.4337,0.11673175660422146,4671754364.525754
310460,315611,,,463728,,,G,328.451,-50.7143,241.273250051,,0.0539861969931,-18.7025,0.11673535620965385,2382319469.358694
354584,360441,,,3320061,,,G,327.066,-51.719,233.94646008900003,,0.0523372761686,-17.6856,0.1200901327497166,933770178.7120398
354588,360445,,,3320105,,,G,327.241,-51.2174,152.88120878200002,,0.0364728182364,-17.0918,0.12009030561499028,540405798.1127496
354589,360446,,,3320110,,,G,327.253,-50.9982,234.98884397700002,,0.052569956285,-17.6452,0.1200903388632218,899663290.3697069
354594,360451,,,3320160,,,G,327.444,-52.1639,231.890452568,,0.0518750659375,-17.6164,0.12009064267086784,876112748.7216933
354596,360453,,,3320210,,,G,327.587,-51.1538,280.04108090200003,,0.0624569712285,-17.9161,0.12009081980622947,1154622456.682501
354597,360454,,,3320214,,,G,327.601,-51.1836,283.762221803,,0.0632875216438,-17.7948,0.12009085796624565,1032571181.6008233
354598,360455,,,3320215,,,G,327.61,-52.3368,239.11062875599998,,0.053509916755,-18.643,0.1200909413129726,2255277566.7452536
354599,360456,,,3320221,,,G,327.641,-52.3178,242.31329380900002,,0.0542258071129,-18.0019,0.12009098749240067,1249568302.4171607
354600,360457,,,3320232,,,G,327.664,-51.455,128.223264871,,0.0297971248986,-16.2198,0.12009099643798166,242058311.7777605
354603,360460,,,3320267,,,G,327.805,-52.3563,237.00968664400003,,0.0530378365189,-17.9738,0.12009109577427828,1217643066.0895653
354604,360461,,,3320270,,,G,327.8230000000001,-51.7508,233.923299732,,0.0523372761686,-18.6154,0.12009117702898925,2198669743.4600945
354605,360462,,,3320292,,,G,327.934,-51.1881,241.26860772700002,,0.0539861969931,-19.0925,0.12009130312128435,3411929116.219295
354610,360467,,,3320330,,,G,328.099,-52.39100000000001,230.853672947,,0.051645535822800015,-18.7567,0.12009160089297848,2504263363.628025
354615,360472,,,3320402,,,G,328.58,-50.53151,276.253606787,,0.0616369208185,-18.4465,0.1200917872201067,1881914983.2722626
354616,360473,,,3320407,,,G,328.601,-51.6332,261.55190316700003,,0.0584589892295,-17.7078,0.12009182244166365,953059467.707998
354620,360477,,,3320449,,,G,328.777,-50.9833,283.329761405,,0.0632875216438,-18.6415,0.12009201316666325,2252163936.9563065
354624,360481,,,3320468,,,G,328.8769999999999,-50.5379,240.19640440700002,,0.0537474268737,-17.9728,0.1200921717234932,1216522091.687575
354626,360483,,,3320486,,,G,328.994,-51.4852,242.308650034,,0.0542258071129,-18.4818,0.12009230810150147,1944106265.853704
354627,360484,,,3320488,,,G,328.996,-50.582,276.253606787,,0.0616369208185,-18.0365,0.12009235577626524,1290030564.217989
354628,360485,,,3320495,,,G,329.043,-51.5236,180.178493678,,0.0404271202136,-17.4285,0.1200923830088303,736885481.6494503
354631,360488,,,3320516,,,G,329.168,-51.4325,267.558772785,,0.0597635098818,-18.3771,0.12009255099773652,1765387308.144831
354632,360489,,,3320520,,,G,329.1980000000001,-50.9336,242.322581377,,0.0542258071129,-17.632,0.12009258384419495,888791719.8848207
354633,360490,,,3320530,,,G,329.266,-51.5053,180.807246447,,0.0406081403041,-17.0161,0.12009260247057885,504010982.60194767
354635,360492,,,3320538,,,G,329.311,-51.4138,265.14072209,,0.0592385096193,-17.9174,0.12009266595520687,1156005765.2230375
354636,360493,,,3320543,,,G,329.344,-51.45291,260.375150386,,0.058201319100699984,-18.398,0.1200927324654522,1799699516.577359
354637,360494,,,3320544,,,G,329.345,-51.3455,268.780144597,,0.0600276900138,-17.747,0.12009276898190215,988097953.9411305
354638,360495,,,3320550,,,G,329.3730000000001,-51.1342,271.24293876,,0.0605596202798,-17.8368,0.12009280864700182,1073297208.9421859
354640,360497,,,3320560,,,G,329.431,-51.2673,267.563451533,,0.0597635098818,-18.8371,0.12009294956109755,2696745731.566328
354655,360512,,,3320675,,,G,329.89,-51.5512,277.48747894400003,,0.0619090809545,-18.5262,0.12009362360909158,2025256338.1763172
354657,360514,,,3320693,,,G,329.94699999999995,-51.6924,281.99511757700003,,0.0630094815047,-18.7212,0.12009375987727768,2423706346.1824946
354659,360516,,,3320711,,,G,329.983,-51.7236,269.992590699,,0.0602931301466,-18.2368,0.12009388659945808,1551386471.6356313
428034,448638,,,129884,21570965-5008336,,G,329.290222,-50.14267,301.836072823,,0.0669767,-21.7249,0.13948371433753384,38544285543.19339
513067,533693,,,67411,21490854-5418135,,G,327.285614,-54.303772,287.078,,0.0638469619235,-20.73,0.19839963771118801,15417004529.495615
526514,547140,,,129011,21575957-5427153,,G,329.49823,-54.45427700000001,286.861541794,,0.063801,-21.1344,0.20968283082085945,22374843173.251137
528001,548627,,,142145,21441146-5057040,,G,326.04776,-50.951126,306.074110928,,0.067873,-20.7871,0.21114451456877986,16249499917.603884
528004,548630,,,142148,21505124-5103515,,G,327.71350099999995,-51.064312,324.81697924599996,,0.071824,-21.2252,0.2111470508454658,24326520788.768642
529922,550548,,,163588,21595053-5006073,,G,329.960571,-50.10203900000001,336.813758193,,0.07434199999999999,-20.4239,0.21301781286208998,11629472069.995415
531687,552313,,,189458,21400713-5112329,,G,325.0297240000001,-51.209152,286.259331491,,0.06367300000000001,-20.3918,0.21468207874000395,11290677430.880577
531704,552330,,,189642,21405910-5045381,,G,325.246277,-50.76059,314.937415439,,0.069744,-21.0691,0.2146958946482889,21068809677.116783
531708,552334,,,189903,21444112-5148448,,G,326.171356,-51.81245,436.476195901,,0.094945,-21.2968,0.21469996644754274,25984837186.29903
531743,552369,,,190357,21494348-5101451,,G,327.4311830000001,-51.029209,327.4387255,,0.072375,-20.5787,0.2147365276979138,13411581713.669586
531756,552382,,,190488,21503033-5010306,,G,327.626404,-50.175179,296.48759254,,0.065844,-21.138,0.21474866503441398,22449155075.69592
531773,552399,,,190662,21514409-5157148,,G,327.933746,-51.954117,336.956933054,,0.07437200000000001,-20.5079,0.21476584926533693,12564927874.842577
531824,552450,,,191015,21585807-5115526,,G,329.741974,-51.264614,580.986133533,,0.123901,-21.9538,0.21481369544339488,47590470670.585335
537198,557824,,,414821,21481021-5453253,,G,327.042572,-54.890373,382.625309038,,0.083881,-21.4519,0.21958076682265149,29975055784.015682
537388,558014,,,421719,21540354-5412413,,G,328.514771,-54.211487,311.836747187,,0.06909,-20.9706,0.21974104676534775,19241547623.73496
537607,558233,,,428590,21485930-5334034,,G,327.247101,-53.56761899999999,317.888898012,,0.070366,-20.3734,0.21991502680374436,11100946254.213957
537712,558338,,,432194,21414532-5314518,,G,325.438873,-53.247738,378.679166341,,0.083064,-21.6454,0.21999594510350287,35822838901.04511
537720,558346,,,432732,21401244-5312239,,G,325.051849,-53.206661,349.971399221,,0.07709400000000001,-20.7822,0.22000245198228705,16176330073.685534
537722,558348,,,432789,21413386-5312108,,G,325.391113,-53.203003,331.20103827400004,,0.073165,-21.4355,0.2200040279491994,29525686217.28969
537750,558376,,,434205,21520947-5306008,,G,328.03949,-53.100235,315.40702023299997,,0.06984299999999999,-20.7324,0.2200267657643348,15451121228.98949
537824,558450,,,437610,21422966-5251203,,G,325.623596,-52.855663,303.283795346,,0.06728300000000001,-21.1272,0.22008306000065456,22226956522.90112
537830,558456,,,437985,21450517-5249489,,G,326.271545,-52.830261,355.080950948,,0.07816000000000001,-20.1376,0.220086871751298,8933877639.97998
537971,558597,,,443633,21525671-5227341,,G,328.236298,-52.459499,289.7340000000001,,0.06441123220560001,-19.9,0.22020053380253776,7177942912.713644
537994,558620,,,444458,21520701-5224078,,G,328.029236,-52.40218,482.66680287699995,,0.10431300000000003,-21.0112,0.2202177731060592,19974687794.87894
538078,558704,,,448071,21400990-5209029,,G,325.04126,-52.150826,490.18760250800005,,0.105828,-21.4368,0.22028880784814572,29561059800.81306
538100,558726,,,449078,21532548-5204219,,G,328.356171,-52.072769,423.313121173,,0.092255,-21.1843,0.22030756377768448,23427179222.557198
538115,558741,,,449898,21521202-5200378,,G,328.05011,-52.010506,686.704875675,,0.144468,-21.2509,0.22032149575739396,24909212636.71476
538120,558746,,,449974,21430717-5200199,,G,325.779877,-52.005554,415.329646264,,0.090619,-20.859,0.22032477157907127,17362009919.014297
538136,558762,,,450520,21431248-5157400,,G,325.802002,-51.961113,384.631381404,,0.08429600000000001,-21.0952,0.22033812146365625,21581419169.72247
538151,558777,,,451040,21530515-5155178,,G,328.271484,-51.921627,345.404779854,,0.07614,-20.1906,0.2203491823478902,9380802660.251879
538192,558818,,,452699,21595393-5146363,,G,329.974731,-51.776764,362.39344898699994,,0.079683,-21.2049,0.2203797453722836,23875913674.942142
538193,558819,,,452705,21525573-5146352,,G,328.232239,-51.776451,285.412651011,,0.063493,-20.7524,0.2203803270046284,15738379019.628868
538195,558821,,,452746,21420681-5146217,,G,325.528412,-51.772709000000006,288.753541498,,0.064203,-20.9746,0.22038176959319075,19312566846.80991
538216,558842,,,453884,21560214-5140008,,G,329.008942,-51.666893,311.779879668,,0.069078,-20.9092,0.22039772080061415,18183605473.169186
538220,558846,,,454121,21540097-5138446,,G,328.504059,-51.645729,446.684,,0.09702466851230003,-19.91,0.22039982286980672,7244359600.74989
538234,558860,,,454364,21493676-5137261,,G,327.403198,-51.62392,353.905981145,,0.077915,-20.3674,0.2204124409248604,11039769351.86034
538278,558904,,,456509,21405410-5125210,,G,325.225433,-51.422527,393.94109393699995,,0.086219,-21.4192,0.2204496577747081,29085732123.769333
538283,558909,,,456613,21515978-5124468,,G,327.999084,-51.413017,544.503,,0.116686558343,-20.61,0.22045456221719448,13803842646.028866
538294,558920,,,457135,21521141-5121578,,G,328.047577,-51.366062,326.588,,0.07219635609819999,-20.48,0.2204638681095299,12246161992.650517
538297,558923,,,457207,21513607-5121287,,G,327.90033,-51.357979,552.077,,0.118189529095,-20.19,0.22046522120706374,9375620069.258831
538299,558925,,,457278,21561315-5121048,,G,329.0548100000001,-51.35136,744.732,,0.155555057778,-20.7,0.22046607690826286,14996848355.02374
538306,558932,,,457432,21584635-5120097,,G,329.693146,-51.33604,346.428656699,,0.07635399999999999,-20.5521,0.22047107957755704,13086996913.904196
538312,558938,,,457649,21533678-5118499,,G,328.40329,-51.313869,1336.6,,0.261933340967,-22.54,0.22047879827549965,81658237135.85939
538328,558954,,,458369,21585755-5114236,,G,329.739807,-51.239891,776.4644199,,0.16156099999999998,-21.7406,0.2204940042711769,39105694214.361084
538333,558959,,,458632,21450683-5112509,,G,326.278473,-51.214153,321.702896075,,0.07116900000000001,-21.1173,0.2204980078646672,22025207063.753983
538344,558970,,,458970,21583737-5110457,,G,329.655731,-51.179386,393.524251699,,0.086133,-20.1309,0.2205058553972847,8878917077.112291
538348,558974,,,459061,21544463-5110148,,G,328.6859740000001,-51.170792,586.138,,0.124914782457,-21.0,0.22050823582306228,19769696401.11866
538349,558975,,,459065,21501853-5110116,,G,327.57724,-51.169891,288.403,,0.0641285720643,-19.15,0.220508368773126,3597493351.557431
538356,558982,,,459333,21502141-5108336,,G,327.5892330000001,-51.142673,338.279183929,,0.07464900000000001,-20.9704,0.22051337450108485,19238003526.110447
538360,558986,,,459601,21535894-5107006,,G,328.4956049999999,-51.116837,353.225151871,,0.077773,-20.2103,0.2205163341837627,9552564966.834602
538366,558992,,,459863,21511419-5105274,,G,327.809143,-51.090946,332.540234388,,0.073446,-20.1782,0.2205214680586242,9274275653.176956
538382,559008,,,460458,21571825-5102155,,G,329.32605,-51.03765900000001,651.628,,0.137698118849,-20.68,0.22053304080186287,14723125024.327225
538394,559020,,,460874,21565874-5059496,,G,329.244781,-50.997116,405.11123988699995,,0.08852,-21.3299,0.22054411714382746,26789215756.605637
538395,559021,,,460916,21501825-5059336,,G,327.57608,-50.992668,485.67839407599996,,0.10492,-21.2517,0.2205450383748401,24927573186.3031
538406,559032,,,461291,21495958-5057171,,G,327.49826,-50.954754,507.32179798699997,,0.109269,-21.0764,0.220552825493098,21210944128.710957
538421,559047,,,462138,21521381-5052218,,G,328.0575560000001,-50.872726,338.844,,0.07476738738369999,-20.34,0.22056512439224807,10764652136.29835
538437,559063,,,462883,21531051-5047549,,G,328.293793,-50.798588,1012.08937208,,0.204998,-21.6851,0.22057975346418354,37156945033.22966
538467,559093,,,464026,21483188-5041009,,G,327.1328430000001,-50.683609,307.370708265,,0.068147,-21.1893,0.22060187962584132,23535314168.662838
538529,559155,,,465934,21402503-5029279,,G,325.104309,-50.491108,392.564721325,,0.085935,-20.3756,0.22065882094785788,11123462627.250078
538554,559180,,,467419,21410510-5020441,,G,325.271271,-50.345592,570.881222183,,0.121909,-21.3097,0.22068116846632066,26295413223.888668
538574,559200,,,468040,21403252-5017009,,G,325.135529,-50.283596,496.398514018,,0.107077,-21.2802,0.22069766142344413,25590572392.552658
661061,681687,,,3320185,21500637-5133410,,G,327.526581,-51.561405,314.467873105,,0.069645,-20.3569,0.3088159934798158,10933519906.53502
661070,681696,,,3320341,21524335-5202032,,G,328.180634,-52.034241,744.732,,0.155555057778,-20.49,0.3088219754534796,12359474334.445068
661071,681697,,,3320365,21531488-5101509,,G,328.3120120000001,-51.030815,331.131,,0.0731503865752,-19.94,0.3088222506789038,7447319739.059889
661072,681698,,,3320377,21534394-5136378,,G,328.4331049999999,-51.610519,537.0319999999998,,0.115201437601,-21.23,0.3088231536805661,24434305526.939716
661073,681699,,,3320378,21534717-5105085,,G,328.446564,-51.085701,591.562,,0.12598074299,-20.24,0.3088235164983362,9817479430.199823
661074,681700,,,3320413,21543128-5130197,,G,328.630341,-51.505486,331.930146938,,0.073318,-20.5542,0.30882400108175523,13112333905.213423
661075,681701,,,3320418,21544016-5217368,,G,328.6673580000001,-52.293564,594.2919999999998,,0.12651687325799998,-20.08,0.30882431418570755,8472274141.40598
661076,681702,,,3320445,21550331-5036418,,G,328.763824,-50.611622,751.623,,0.156862728431,-20.81,0.30882492750771684,16595869074.375563
661077,681703,,,3320453,21551280-5046236,,G,328.8033450000001,-50.773243,529.663,,0.113733956867,-19.7,0.3088251481499019,5970352865.838366
661078,681704,,,3320456,21551696-5141007,,G,328.820679,-51.683533,1101.54,,0.2210001205,-21.3,0.30882611128797244,26061535499.988976
661079,681705,,,3320508,21562988-5042508,,G,329.1245120000001,-50.71413,487.528,,0.105292582646,-20.1,0.30882643021296186,8629785477.669737
661081,681707,,,3320556,21573926-5137368,,G,329.413605,-51.626896,758.178874624,,0.158105,-21.0859,0.308827645295146,21397350464.990917
661083,681709,,,3320586,21581108-5127006,,G,329.546204,-51.450191,517.607,,0.111327565664,-19.73,0.30882911185301626,6137620051.647945
661087,681713,,,3320653,21591653-5138106,,G,329.818878,-51.63630300000001,310.846435867,,0.068881,-20.7227,0.3088314070131097,15313695243.933928
661089,681715,,,3320674,21593318-5139096,,G,329.888275,-51.652668,1066.6,,0.21477928739,-20.82,0.3088326477497468,16749428760.26445
661090,681716,,,3320676,21593340-5110005,,G,329.8891910000001,-51.166832,1145.16797955,,0.228716,-21.3413,0.30883364823006576,27071978721.200275
667693,688320,,,ESO237-003,21481590-5139190,,G,327.066284,-51.655285,363.450961997,,0.079903,-20.7552,0.3170594064406296,15779019032.022303
667695,688322,,,ESO237-009,21515583-5116328,,G,327.982635,-51.275795,326.588,,0.07219635609819999,-21.11,0.31706176651641216,21877616239.49561
674881,695508,,,67366,21475326-5039140,,G,326.971924,-50.653908,311.936267553,,0.069111,-20.7833,0.3220878471924396,16192727224.220797
676949,697579,,,128918,21412085-5317410,,G,325.3369140000001,-53.294739,406.09828791,,0.088723,-21.4682,0.32362057362251345,30428461888.40957
678435,699065,,,163352,21443008-5109267,,G,326.125336,-51.157444,337.596517122,,0.07450599999999999,-21.294,0.3248397191955997,25917911346.159492
679361,699992,,,189527,21402463-5145599,,G,325.102661,-51.766666,367.741823512,,0.080795,-20.8267,0.32557030455053865,16853107849.097116
679703,700334,,,189646,21410000-5111181,,G,325.25,-51.188366,337.978412643,,0.074586,-20.4324,0.3258327480932013,11720874073.368809
679722,700353,,,190301,21490456-5040224,,G,327.2690120000001,-50.672897,547.441642259,,0.11727,-21.4957,0.3258452313530894,31209010548.714886
679726,700357,,,190356,21494330-5409440,,G,327.43042,-54.162228000000006,327.124585186,,0.072309,-21.1276,0.3258486089676851,22235146744.90364
679729,700360,,,190421,21501201-5339355,,G,327.550079,-53.659878000000006,319.38455987099996,,0.070681,-20.9336,0.32585043057502233,18596876201.344856
679738,700369,,,190587,21511418-5424444,,G,327.809113,-54.412334,306.291754374,,0.06791900000000001,-20.8587,0.3258565544412099,17357213281.09786
679749,700380,,,190703,21515975-5021218,,G,327.9989930000001,-50.356071,299.03638765700003,,0.066384,-20.9806,0.32586415058747153,19419587471.836456
679758,700389,,,191008,21585432-5342515,,G,329.726349,-53.714329000000006,449.12845885300004,,0.097522,-21.3799,0.3258701361764906,28051752598.63694
698334,718965,,,414529,21534485-5455083,,G,328.43689,-54.918976,486.745645615,,0.105135,-21.1295,0.3396559869230326,22274091532.216805
698335,718966,,,414545,21480128-5455023,,G,327.005371,-54.917309,378.674338871,,0.083063,-20.5313,0.3396564613928053,12838668933.665176
698366,718997,,,414856,21481694-5453133,,G,327.070587,-54.88704300000001,594.3334770519999,,0.126525,-21.2132,0.3396830872868916,24059134498.072727
698411,719042,,,415241,21482423-5450473,,G,327.100983,-54.846481,403.35658391,,0.088159,-20.2394,0.33971632011048336,9812055589.371643
698472,719103,,,415948,21505133-5446289,,G,327.713898,-54.77470400000001,909.085674232,,0.18625,-21.504,0.3397660928091931,31448504654.769627
698541,719172,,,416676,21433528-5442322,,G,325.897034,-54.70895,530.6964952980001,,0.11394,-21.3432,0.33981370639244823,27119395204.0119
698546,719177,,,416706,21423127-5442224,,G,325.63031,-54.70623000000001,448.06638615599996,,0.097306,-21.0557,0.3398171924940199,20810379494.34242
698571,719202,,,416930,21461588-5441121,,G,326.566193,-54.686703,390.01201715699995,,0.085408,-20.4944,0.3398349616145361,12409663347.285849
698673,719304,,,418203,21584204-5433561,,G,329.675201,-54.56559,354.538978976,,0.078047,-20.3283,0.3399067343712163,10649273967.167322
698785,719416,,,419513,21411201-5425506,,G,325.300049,-54.430737,316.170854323,,0.070004,-20.3966,0.33998607178613144,11340703602.77872
698799,719430,,,419664,21450292-5424561,,G,326.262177,-54.415596,744.3943337119998,,0.15549100000000002,-21.402,0.3399965201598089,28628592708.72118
698803,719434,,,419707,21544952-5424378,,G,328.70636,-54.410522,499.574791895,,0.107715,-21.392,0.339999254486044,28366124193.125145
698823,719454,,,419845,21540574-5423473,,G,328.523926,-54.396484,348.271407929,,0.076739,-20.3776,0.3400117501423977,11143971686.37473
698867,719498,,,420195,21425988-5421372,,G,325.7495120000001,-54.360344,510.40675944300006,,0.10988699999999997,-20.7596,0.3400472790643915,15843094037.753412
698869,719500,,,420224,21515632-5421236,,G,327.98468,-54.35658299999999,355.224850864,,0.07819,-20.7905,0.34004885746651714,16300465239.848541
698891,719522,,,420436,21461192-5420140,,G,326.549683,-54.33724599999999,482.160958732,,0.10421099999999997,-20.384,0.340066524915746,11209855128.753185
698911,719542,,,420708,21500040-5418350,,G,327.501678,-54.309734,955.208289287,,0.194689,-21.6885,0.3400813621318384,37273484969.03341
698995,719626,,,421564,21501883-5413368,,G,327.5784910000001,-54.226891,490.361516928,,0.105863,-20.6546,0.3401364698777982,14382686029.016104
699060,719691,,,422243,21543106-5409338,,G,328.629456,-54.15939300000001,519.3453220719999,,0.111675,-20.9163,0.3401839814110532,18302903923.57758
699253,719884,,,424010,21432860-5359322,,G,325.869171,-53.992298,391.837967944,,0.085785,-20.4395,0.34032206906838386,11797772030.511923
699286,719917,,,424229,21430604-5358112,,G,325.775177,-53.969799,420.24658777199994,,0.091627,-21.0905,0.3403469591490059,21488198144.03469
699287,719918,,,424237,21504743-5358069,,G,327.697632,-53.968597,602.865014729,,0.128198,-21.1511,0.3403477988575067,22721657022.931324
699303,719934,,,424360,21533272-5357199,,G,328.386353,-53.95554,290.429908469,,0.064559,-20.1442,0.34035924806260337,8988350513.339823
699323,719954,,,424564,21431948-5356170,,G,325.831207,-53.93805699999999,419.158266492,,0.091404,-21.1919,0.3403745830341716,23591741450.6853
699324,719955,,,424579,21462594-5356121,,G,326.6081240000001,-53.936722,446.124917262,,0.096911,-20.7303,0.3403751529471535,15421264993.850428
699336,719967,,,424696,21553372-5355358,,G,328.890533,-53.926613,818.350763283,,0.169429,-21.5037,0.3403840230011645,31439816312.201923
699487,720118,,,426319,21461058-5346175,,G,326.544098,-53.771553,358.017634134,,0.07877200000000001,-21.1445,0.34049108339533063,22583955011.45559
699524,720155,,,426789,21404699-5343430,,G,325.195801,-53.728622,355.431117326,,0.07823300000000001,-20.5138,0.34051555913590104,12633392813.916945
699551,720182,,,427059,21405072-5342180,,G,325.211334,-53.705021,462.739597788,,0.100285,-20.6507,0.34053195373264417,14331115626.574776
699567,720198,,,427281,21461778-5341005,,G,326.574097,-53.68349499999999,443.555801515,,0.096388,-20.8407,0.3405437428355876,17071826956.273375
699660,720291,,,428180,21464686-5336201,,G,326.695251,-53.60561,367.94879667,,0.080838,-20.8669,0.34061047368629643,17488799547.516487
699682,720313,,,428435,21510248-5334583,,G,327.7603450000001,-53.582886,682.369103344,,0.14363399999999998,-21.1611,0.34062529612233583,22931897926.837982
699733,720364,,,428866,21521699-5332337,,G,328.070801,-53.542717,808.619427332,,0.167607,-21.6057,0.3406618283885875,34536633347.61768
699746,720377,,,428976,21521883-5331571,,G,328.078461,-53.532532,866.9249829830002,,0.178471,-21.9159,0.3406738996787027,45957881394.35892
699834,720465,,,429898,21504826-5326265,,G,327.701111,-53.440708,344.237722626,,0.075896,-21.3373,0.34073953351314706,26972425362.44005
699872,720503,,,430256,21481315-5324300,,G,327.0548100000001,-53.408337,300.476809009,,0.066689,-20.6181,0.3407692221555517,13907209597.00872
699877,720508,,,430325,21405451-5324040,,G,325.227142,-53.401138,336.508337568,,0.074278,-20.599,0.34077294696019633,13664696807.404655
699879,720510,,,430357,21444532-5323558,,G,326.188873,-53.398842,506.029604066,,0.10901,-20.9229,0.34077455374289506,18414502918.742302
699981,720612,,,431464,21411729-5318130,,G,325.322052,-53.303635,411.538958456,,0.08984099999999999,-20.6111,0.3408416754326256,13817834922.694952
699992,720623,,,431575,21595782-5317473,,G,329.990936,-53.29649000000001,602.2984454040001,,0.12808699999999998,-20.9741,0.3408501617616135,19303675128.65506
700017,720648,,,431901,21401611-5316199,,G,325.067139,-53.272221,380.586508481,,0.083459,-20.7053,0.34086806668122605,15070234146.213528
700104,720735,,,432942,21522023-5311341,,G,328.08432,-53.192818,329.305099039,,0.072767,-20.57,0.34092844590184346,13304544179.780985
700169,720800,,,433890,21504223-5307246,,G,327.675995,-53.123501,424.031279076,,0.092402,-20.518,0.3409737380721014,12682357755.55592
700246,720877,,,434897,21445540-5302537,,G,326.230835,-53.048271,689.618484517,,0.145028,-21.242,0.3410277073590622,24705861360.38438
700263,720894,,,435051,21504387-5302155,,G,327.682831,-53.037666,345.18951554,,0.07609500000000001,-20.4893,0.34104063478481195,12351508455.0365
700300,720931,,,435508,21402710-5300159,,G,325.112946,-53.00444,380.977755478,,0.08354,-20.4055,0.34106487729276513,11434047709.202234
700304,720935,,,435541,21494693-5300081,,G,327.445557,-53.00226600000001,499.261035925,,0.107652,-21.5286,0.3410679394186125,32169180683.384293
700383,721014,,,436839,21523873-5254332,,G,328.161407,-52.909241,366.5579685,,0.080549,-20.4147,0.34112109273390506,11531345909.35347
700392,721023,,,436988,21473109-5253571,,G,326.879578,-52.89920400000001,492.652919877,,0.106324,-21.1447,0.3411270378510416,22588115512.89221
700487,721118,,,438200,21450738-5248579,,G,326.2807620000001,-52.816101,429.76670352699995,,0.093575,-20.6862,0.34119390173061376,14807440629.13223
700636,721267,,,440251,21491762-5240563,,G,327.323425,-52.682323,294.75642069400004,,0.065477,-20.9183,0.341302582011383,18336650190.48193
700655,721286,,,440499,21414128-5239598,,G,325.4220279999999,-52.666622,464.738679711,,0.10069,-21.298,0.34131400398327144,26013572566.531456
700670,721301,,,440639,21401242-5239289,,G,325.051788,-52.658051,437.530203696,,0.09516,-21.027,0.3413254295573139,20267491520.989613
700695,721326,,,440973,21452338-5237590,,G,326.347443,-52.633072,897.4857963789999,,0.184116,-21.7841,0.3413437819461333,40704272773.44899
700756,721387,,,441754,21414689-5234558,,G,325.445404,-52.582184,642.986028149,,0.136022,-21.776,0.34138741548134105,40401733537.30011
700780,721411,,,442055,21502486-5233476,,G,327.603607,-52.56323199999999,671.5165139430001,,0.141543,-21.3113,0.34140512523746497,26334192143.196617
700783,721414,,,442095,21432713-5233379,,G,325.863068,-52.560547,346.093711808,,0.076284,-21.106,0.3414070268759568,21797164411.39905
700890,721521,,,443335,21495690-5228471,,G,327.487122,-52.479755,761.443604863,,0.158723,-21.6052,0.3414834620473497,34520732301.82815
700897,721528,,,443384,21502870-5228346,,G,327.619598,-52.476292,348.300133552,,0.07674500000000001,-20.2118,0.3414868092145549,9565771443.660524
700925,721556,,,443745,21575203-5227078,,G,329.4667970000001,-52.45217099999999,448.74489927400003,,0.097444,-21.673,0.3415065492120633,36745147919.99422
700958,721589,,,444248,21565499-5225016,,G,329.22912599999995,-52.417114,457.15741255800003,,0.099153,-20.8263,0.3415269237092711,16846900078.29637
700963,721594,,,444324,21580142-5224427,,G,329.505951,-52.41188,349.593022337,,0.077015,-20.3638,0.3415312322733852,11003225158.534441
701043,721674,,,445282,21563830-5220494,,G,329.159607,-52.347073,360.687651362,,0.079328,-20.6527,0.34158192308045393,14357538846.354044
701103,721734,,,446052,21475342-5217460,,G,326.972595,-52.296135,339.58281695799997,,0.074922,-20.1057,0.3416220514543257,8675210069.59022
701197,721828,,,447139,21412155-5213120,,G,325.339813,-52.220013,387.18524831900004,,0.084824,-20.5736,0.3416894018468964,13348731572.80558
701309,721940,,,448497,21452351-5206560,,G,326.347961,-52.11557,962.7059630189999,,0.196054,-21.4555,0.34176945377650103,30074609707.319473
701334,721965,,,448748,21490874-5205504,,G,327.286438,-52.097336,327.12934468099996,,0.07231,-20.8776,0.3417886628695725,17662004862.714672
701420,722051,,,449625,21431875-5201460,,G,325.828156,-52.029446,301.374421303,,0.066879,-20.3475,0.3418478947469897,10839269140.212038
701518,722149,,,450495,21401168-5157489,,G,325.048676,-51.963604,456.334562511,,0.098986,-20.6674,0.341919029514151,14553250340.198425
701527,722158,,,450577,21530708-5157198,,G,328.279541,-51.95552100000001,727.033330475,,0.15218800000000002,-21.4318,0.34192593965545776,29425239068.381733
701779,722410,,,453260,21461702-5143375,,G,326.570923,-51.727108,675.520299703,,0.142315,-21.3132,0.3421072066588894,26380316395.21289
701840,722471,,,453869,21453503-5140070,,G,326.395966,-51.668617,349.40624324,,0.076976,-20.2157,0.3421477262156722,9600193794.011093
701845,722476,,,453894,21405285-5140010,,G,325.2202450000001,-51.666969,445.90871220199995,,0.096867,-21.6762,0.34215268503763896,36853606974.84783
701879,722510,,,454213,21595469-5138143,,G,329.977905,-51.637321,301.038970758,,0.066808,-20.1071,0.3421759366903481,8686403513.97506
701883,722514,,,454245,21450303-5138027,,G,326.262665,-51.634087,443.919206325,,0.096462,-20.9755,0.34217923401427025,19328582261.997425
701935,722566,,,454792,21430896-5134580,,G,325.787354,-51.582779,330.534010266,,0.073025,-21.1711,0.34221484235709365,23144084165.877144
701936,722567,,,454807,21452953-5134520,,G,326.373077,-51.581123,309.316502779,,0.06855800000000001,-20.45,0.34221528259613065,11912420080.273762
701953,722584,,,455021,21450150-5133407,,G,326.256287,-51.561314,351.154680307,,0.077341,-20.2995,0.3422289138388175,10370507263.25758
701977,722608,,,455245,21420912-5132302,,G,325.538025,-51.541737,457.20669048599996,,0.099163,-21.0906,0.3422486332648769,21490177371.36888
701979,722610,,,455261,21583548-5132257,,G,329.647858,-51.540497,294.05853536,,0.065329,-20.1132,0.34224938531940946,8735343753.012459
702004,722635,,,455555,21412375-5130430,,G,325.348969,-51.511955,507.301838205,,0.109265,-21.1763,0.34226615353323325,23255195775.417446
702021,722652,,,455773,21585146-5129315,,G,329.714447,-51.492096,634.720779054,,0.134416,-21.5969,0.3422808074701685,34257841839.66648
702090,722721,,,456478,21452129-5125280,,G,326.338715,-51.424458,433.693035124,,0.094377,-20.6319,0.34233213624911435,14085102118.021791
702141,722772,,,456949,21560075-5122598,,G,329.003143,-51.383278,690.014045128,,0.14510399999999998,-21.8063,0.3423663958516449,41545118303.53523
702183,722814,,,457250,21464103-5121161,,G,326.67099,-51.354492,399.373966793,,0.087339,-21.0119,0.3423976727753779,19987570104.33767
702264,722895,,,458033,21510737-5116203,,G,327.780731,-51.272331,501.34821895,,0.108071,-21.1717,0.3424564236735417,23156877594.072414
702327,722958,,,458730,21501874-5112176,,G,327.578094,-51.204891,345.29475427,,0.07611699999999999,-20.4269,0.3425002738539741,11661649923.704077
702352,722983,,,459002,21440303-5110341,,G,326.012634,-51.17614,493.13025242199996,,0.10642,-21.0658,0.34251744722058497,21004870095.956764
702397,723028,,,459490,21435069-5107390,,G,325.961243,-51.127525,451.007461243,,0.097904,-20.8749,0.3425476724887541,17618137698.937073
702428,723059,,,459874,21434836-5105240,,G,325.951538,-51.090023,570.045292025,,0.121744,-21.3635,0.342569746747435,27631216136.520226
702430,723061,,,459882,21554109-5105207,,G,328.921234,-51.089111,366.25965870699997,,0.080487,-20.6679,0.34257073773603713,14559953903.089869
702436,723067,,,459921,21501494-5105075,,G,327.562286,-51.085438,558.081695391,,0.119379,-21.3065,0.3425746792384372,26218026615.10449
702458,723089,,,460173,21434593-5103530,,G,325.941376,-51.064743,599.6605326580001,,0.12757000000000002,-20.6955,0.3425907563797647,14934820251.27052
702561,723192,,,461177,21414297-5058018,,G,325.429047,-50.967178,513.638985427,,0.110534,-21.4763,0.34266781580571026,30656318537.39236
702715,723346,,,462565,21521559-5049527,,G,328.064972,-50.831333,420.21242051,,0.09162,-21.6453,0.3427805263753921,35819539647.59012
702744,723375,,,462864,21550347-5047588,,G,328.764465,-50.799675,593.1975473069999,,0.126302,-21.984,0.3428061645932785,48932792408.19396
702754,723385,,,462962,21582888-5047207,,G,329.620361,-50.789108,513.364121788,,0.110479,-21.2591,0.3428139569828546,25098051146.51511
702755,723386,,,462968,21473253-5047191,,G,326.885559,-50.788647,407.508803203,,0.089013,-21.0937,0.3428147534512546,21551623923.848858
702762,723393,,,463036,21583742-5046537,,G,329.6559450000001,-50.781605,382.910443741,,0.08394,-20.5815,0.3428192198109165,13446213415.3449
702782,723413,,,463222,21483485-5045479,,G,327.145233,-50.763329,441.74419506099997,,0.096019,-21.1169,0.34283567408156634,22017094172.142826
702787,723418,,,463268,21451628-5045310,,G,326.317871,-50.758617,687.042967695,,0.144533,-21.2849,0.34283986994748106,25701590514.7042
702887,723518,,,464310,21572354-5039216,,G,329.348114,-50.656025,383.311602451,,0.084023,-20.8598,0.3429155560693276,17374807434.885986
702905,723536,,,464551,21475094-5037570,,G,326.96228,-50.632526,320.771578903,,0.07097300000000001,-20.061,0.34292552956846245,8325302067.492439
702945,723576,,,464922,21500211-5035400,,G,327.50882,-50.594471,287.242682274,,0.06388200000000001,-20.7232,0.3429546632234852,15320749085.293776
702961,723592,,,465106,21453732-5034340,,G,326.4055180000001,-50.576115,395.19189866,,0.086477,-20.188,0.34296569369961416,9358365435.835293
702965,723596,,,465152,21501888-5034156,,G,327.578705,-50.57100300000001,608.069672699,,0.129217,-21.1988,0.3429692253224868,23742147568.475727
702988,723619,,,465341,21413104-5033027,,G,325.379364,-50.550774,477.754888915,,0.103322,-21.438,0.3429849253059948,29593749953.434105
702998,723629,,,465414,21482629-5032370,,G,327.109558,-50.543613,477.07136804699996,,0.103184,-20.8239,0.3429909683117487,16809701442.750347
703087,723718,,,466172,21504615-5027545,,G,327.6923220000001,-50.46516,315.634729886,,0.069891,-20.7779,0.3430536151415937,16112391282.77772
703102,723733,,,466277,21545679-5027198,,G,328.736664,-50.455517,379.924863562,,0.08332200000000001,-20.1245,0.3430641369316107,8826733207.212584
703133,723764,,,466584,21442211-5025387,,G,326.092133,-50.427422,823.994237515,,0.170484,-21.5146,0.34308730136510424,31757038825.59245
703165,723796,,,466948,21502124-5023256,,G,327.58850099999995,-50.390453,419.509618864,,0.091476,-20.8927,0.3431088697909009,17909357262.04468
703187,723818,,,467202,21501194-5021595,,G,327.549774,-50.366547,506.348872505,,0.109074,-21.5092,0.34312445275593784,31599484660.925114
703188,723819,,,467207,21484166-5021573,,G,327.173615,-50.365921,504.807636138,,0.108765,-21.2206,0.34312534797341,24223673265.76759
703219,723850,,,467527,21534594-5020044,,G,328.441437,-50.334583,305.72401721299997,,0.067799,-20.3096,0.34314901255555497,10467428426.911854
703241,723872,,,467688,21575180-5019048,,G,329.465851,-50.318005,408.622995139,,0.089242,-20.8546,0.34316476830937925,17291791886.954815
703264,723895,,,467900,21442926-5017447,,G,326.121948,-50.295773,453.881817899,,0.098488,-20.2917,0.34318404446390016,10296271835.279415
703281,723912,,,468045,21440021-5016591,,G,326.000885,-50.283089,285.144578845,,0.063436,-20.2193,0.34319658294736666,9632078203.620026
703311,723942,,,468308,21565444-5015316,,G,329.226868,-50.258778,615.245824615,,0.13062,-20.8022,0.34322208896338713,16477070503.376938
703334,723965,,,468574,21450627-5014009,,G,326.276154,-50.233597,383.06026904099997,,0.083971,-20.5983,0.3432402034207053,13655889691.181236
703344,723975,,,468660,21554850-5013287,,G,328.952087,-50.224659,382.456171664,,0.083846,-21.1529,0.3432493957232007,22759357620.575928
703363,723994,,,468841,21523935-5012302,,G,328.163971,-50.208405,450.982861137,,0.097899,-20.7308,0.3432640317155297,15428368384.3189
703416,724047,,,469442,21581894-5008457,,G,329.5789180000001,-50.146042,333.870394809,,0.073725,-20.6129,0.3433003171143207,13840761975.691706
703424,724055,,,469527,21502638-5008156,,G,327.6099240000001,-50.137676,396.55468356,,0.086758,-21.5025,0.34330703981754673,31405086938.76216
703432,724063,,,469584,21471513-5007550,,G,326.8130490000001,-50.13195,362.792383945,,0.079766,-20.7533,0.3433124725608609,15751430452.738443
703438,724069,,,469647,21521950-5007287,,G,328.081268,-50.124653,607.4768758719999,,0.129101,-20.7736,0.3433163509159442,16048705217.238647
703439,724070,,,469653,21450351-5007289,,G,326.264648,-50.124699,421.506108368,,0.091885,-21.093000000000004,0.3433171468710075,21537733556.621925
703445,724076,,,469711,21452379-5007090,,G,326.349152,-50.119179,475.962134452,,0.10296,-20.9449,0.3433220849262244,18791437332.98688
703461,724092,,,469880,21464330-5006111,,G,326.68042,-50.103104,319.721764555,,0.070752,-20.5709,0.3433327859019626,13315577296.228422
703492,724123,,,470136,21493318-5004380,,G,327.388275,-50.077248,362.70586424,,0.079748,-20.6518,0.34335713783884114,14345642373.939398
703510,724141,,,470295,21485342-5003434,,G,327.222595,-50.062057,345.256485286,,0.07610900000000001,-20.7577,0.3433681795832059,15815393427.526937
703515,724146,,,470341,21454601-5003299,,G,326.441742,-50.058311,483.79774458,,0.104541,-20.9363,0.3433727728448641,18643180312.93792
703519,724150,,,470410,21501216-5003085,,G,327.55069,-50.052376,669.790579133,,0.14121,-21.3117,0.343375766709799,26343895805.48986
703529,724160,,,470468,21445206-5002478,,G,326.216949,-50.046612,453.35994574,,0.098382,-20.7592,0.3433833742503737,15837258301.256453
703535,724166,,,470527,21501538-5002265,,G,327.564117,-50.040718,629.607732163,,0.133421,-20.9594,0.3433879806555853,19044080123.56672
703561,724192,,,470864,21463522-5000351,,G,326.64679,-50.009754,528.594297902,,0.113521,-20.8296,0.34340699666773145,16898182648.953962
703563,724194,,,470882,21491086-5000314,,G,327.295258,-50.00872800000001,614.032775785,,0.130383,-21.737,0.3434087251760074,38976245309.771965
822342,842986,,,,21504025-5310296,,G,327.667725,-53.17489200000001,744.436459925,,0.155499,-21.1921,0.43328790439277626,23596087610.343704
822343,842987,,,,21505034-5058255,,G,327.709778,-50.973759,340.600265337,,0.07513500000000001,-19.7192,0.4332881289714691,6076870758.924859
822344,842988,,,,21503232-5025046,,G,327.634705,-50.417957,373.24259769300005,,0.081937,-20.325,0.4332885213349239,10616955571.987242
822345,842989,,,,21502670-5000566,,G,327.611267,-50.015732,887.293289758,,0.182237,-21.3393,0.4332895199739864,27022156195.81727
822348,842992,,,,21512392-5055173,,G,327.849701,-50.921497,832.291790809,,0.172033,-21.7344,0.4332921192707361,38883021009.61315
822349,842993,,,,21512300-5105393,,G,327.845856,-51.094276,387.693328121,,0.08492899999999999,-21.6234,0.4332934165950268,35104274346.43064
822350,842994,,,,21510226-5357423,,G,327.75943,-53.961773,394.04288803400004,,0.08624,-20.6507,0.4332939462201156,14331115626.574776
822351,842995,,,,21514679-5314218,,G,327.944977,-53.239399,602.477085417,,0.128122,-21.1147,0.4332947582435256,21972526655.51928
822352,842996,,,,21514665-5119488,,G,327.9443970000001,-51.330231,285.77011298,,0.063569,-20.9641,0.43329546509562106,19126697971.303383
822360,843004,,,,21522615-5232371,,G,328.108978,-52.543663,798.438548198,,0.165697,-21.2122,0.4333021182800316,24036985417.888474
822361,843005,,,,21522378-5227131,,G,328.099091,-52.453659,452.158919269,,0.098138,-21.3065,0.4333030872014356,26218026615.10449
822362,843006,,,,21523453-5332342,,G,328.14389,-53.542847,808.443349359,,0.167574,-21.6792,0.4333044529430725,36955578067.49379
822363,843007,,,,21522925-5333332,,G,328.121887,-53.559227,839.958697627,,0.17346199999999998,-21.7473,0.43330590709086986,39347758752.94
822364,843008,,,,21522343-5332051,,G,328.097626,-53.534767,910.419072014,,0.186495,-21.5462,0.4333071153735488,32694898993.020283
822365,843009,,,,21531999-5233209,,G,328.333313,-52.55582,677.315884425,,0.14266099999999998,-20.877,0.4333077677353901,17652247174.52559
822366,843010,,,,21531977-5233389,,G,328.332397,-52.560822,953.781337688,,0.194429,-21.4782,0.4333089026640149,30710012979.75185
822371,843015,,,,21544839-5246068,,G,328.70166,-52.76857,1237.5209316,,0.244867,-21.4158,0.4333115621452504,28994792160.486443
822372,843016,,,,21545721-5136338,,G,328.738403,-51.609406,609.112372867,,0.129421,-21.6465,0.4333128873669844,35859150751.71752
822376,843020,,,,21551910-5159387,,G,328.82959,-51.994091,385.811360025,,0.08454,-20.7029,0.4333152542215055,15036958460.776276
822377,843021,,,,21561987-5333359,,G,329.082794,-53.559975,381.557456427,,0.08366,-20.8408,0.4333158851912716,17073399402.056463
822381,843025,,,,21580475-5232147,,G,329.519806,-52.53743000000001,613.219146452,,0.130224,-20.9321,0.4333195614559727,18571201406.99773
822382,843026,,,,21572510-5202047,,G,329.354614,-52.034641,446.640909618,,0.097016,-21.1608,0.43332040870006605,22925562484.59349
822383,843027,,,,21572558-5143067,,G,329.356598,-51.718533,544.968381057,,0.116779,-20.5059,0.4333208721987974,12541803727.013195
822384,843028,,,,21574359-5116018,,G,329.431641,-51.267174,467.50450971,,0.10125,-20.5149,0.43332133955558,12646198663.129791
822385,843029,,,,21575398-5012278,,G,329.474945,-50.207729,524.25782069,,0.112656,-20.5177,0.4333218081191822,12678853974.693968
822389,843033,,,,21582247-5007097,,G,329.593658,-50.119381,484.075568612,,0.104597,-20.3636,0.4333234428623308,11001198476.22655
822390,843034,,,,21584032-5138437,,G,329.66803,-51.645493,347.27094087,,0.07653,-20.8433,0.4333240752866323,17112757652.477253
822391,843035,,,,21580964-5200506,,G,329.540192,-52.014072,388.21115679,,0.085036,-20.2633,0.4333244459746517,10030440360.196432
870953,891704,,,,21405047-5357427,,G,325.210297,-53.961872,693.0860006360001,,0.14569400000000002,-21.0269,0.4682086077580362,20265624901.998043
871255,892006,,,,21403932-5334148,,G,325.163849,-53.57080500000001,579.361242529,,0.123581,-21.3827,0.4684136123296514,28124188493.836056
871256,892007,,,,21402375-5126159,,G,325.098969,-51.437775,822.206893538,,0.17015,-21.7989,0.468415137254881,41262924001.52285
871257,892008,,,,21400154-5104299,,G,325.006439,-51.074974,710.9907308689999,,0.149125,-21.8443,0.4684167272967115,43024912918.719925
871258,892009,,,,21400936-5113199,,G,325.039001,-51.222214,379.46612794,,0.083227,-20.4489,0.4684171670899517,11900357273.15106
871259,892010,,,,21403494-5040169,,G,325.145599,-50.671371,290.68897016799997,,0.064614,-20.7861,0.4684177670585906,16234540465.232288
871260,892011,,,,21402741-5015119,,G,325.114227,-50.253326,367.534862005,,0.080752,-20.2865,0.4684181457527001,10247077008.156448
871264,892015,,,,21404626-5113180,,G,325.19278,-51.221676,497.24959146599997,,0.107248,-20.9759,0.4684211021985698,19335704486.740746
871265,892016,,,,21405933-5130181,,G,325.247223,-51.505035,435.897839177,,0.094827,-20.5859,0.4684216011388308,13500815428.302723
871266,892017,,,,21412051-5144510,,G,325.33548,-51.747517,544.444700789,,0.116675,-21.6058,0.4684228776027686,34539814435.594154
871270,892021,,,,21422808-5015323,,G,325.617035,-50.258999,624.726304555,,0.13247,-21.0294,0.4684259878373717,20312341992.19453
871271,892022,,,,21421321-5026273,,G,325.555054,-50.440918,498.608700561,,0.107521,-20.6988,0.4684265414532655,14980282382.062284
871272,892023,,,,21423236-5025043,,G,325.634857,-50.417885,521.628077879,,0.112131,-20.7268,0.4684271095320231,15371632749.710688
871273,892024,,,,21425808-5125559,,G,325.742004,-51.432205,290.241512134,,0.064519,-20.1588,0.4684274462052254,9110034045.571016
871279,892030,,,,21445418-5127157,,G,326.225769,-51.454388,310.974355151,,0.06890800000000001,-20.1836,0.4684316051433874,9320516937.460869
871284,892035,,,,21454324-5131439,,G,326.430206,-51.528881,360.68284742099996,,0.079327,-20.5056,0.4684353659819636,12538338777.299686
871285,892036,,,,21453937-5128000,,G,326.414062,-51.466667,416.031678671,,0.090763,-20.9416,0.4684360583365122,18734409116.828674
871286,892037,,,,21454264-5137259,,G,326.427673,-51.623882,353.34021265800004,,0.077797,-20.18,0.4684364016481691,9289663867.7994
871287,892038,,,,21452909-5234530,,G,326.371216,-52.581402,958.272018601,,0.195247,-21.4334,0.4684374907000008,29468633669.627983
871288,892039,,,,21451903-5305510,,G,326.329315,-53.097511,1037.03016651,,0.209485,-21.299,0.4684384529513968,26037542989.38744
871289,892040,,,,21460451-5246525,,G,326.518799,-52.781273,1002.94024314,,0.203347,-21.8264,0.4684400169938958,42321397484.92745
871290,892041,,,,21455527-5005115,,G,326.480316,-50.08654,425.555978291,,0.092714,-20.7928,0.468440620676345,16335032391.6822
871293,892044,,,,21464504-5101111,,G,326.687683,-51.019775,313.628544008,,0.06946799999999999,-20.6401,0.4684422737912941,14191882277.36056
871294,892045,,,,21464677-5131521,,G,326.6949160000001,-51.531166,339.673563582,,0.074941,-21.0953,0.4684430714342786,21583406983.426003
871295,892046,,,,21465854-5123101,,G,326.743958,-51.386166,399.286590675,,0.08732100000000001,-20.6104,0.4684435817612828,13808929106.500458
871296,892047,,,,21471832-5130430,,G,326.826355,-51.511959,360.18327204699995,,0.079223,-20.2456,0.4684439464552252,9868246744.444448
871297,892048,,,,21482875-5012360,,G,327.119812,-50.210003,891.489385773,,0.183011,-21.3776,0.4684449809505917,27992391272.131523
871298,892049,,,,21483495-5303159,,G,327.14566,-53.054436,723.661039407,,0.151545,-21.3777,0.4684460155412432,27994969585.37973
871299,892050,,,,21490414-5046204,,G,327.267273,-50.772339,354.46704186,,0.078032,-20.2119,0.4684463690893775,9566652524.344378
904096,924895,,,,21471327-5442251,,G,326.805298,-54.706974,918.977163187,,0.188066,-21.6845,0.4921724108240598,37136417019.195656
905356,926160,,,,21433234-5416562,,G,325.884766,-54.282291,377.52557983300005,,0.082825,-20.5007,0.4930555378329377,12481879914.197186
905357,926161,,,,21441631-5438196,,G,326.067963,-54.63879,1076.88873365,,0.216615,-21.2809,0.4930564841758849,25607076564.0406
912425,933248,,,,21423361-5400444,,G,325.640076,-54.012341000000006,469.960803841,,0.101747,-21.2263,0.4981747872564095,24351179386.95216
912426,933249,,,,21502006-5440078,,G,327.583618,-54.668839,338.661151989,,0.07472899999999999,-20.5578,0.4981752734492394,13155882924.54929
1094610,1115929,,,,21422197-5108583,,G,325.591553,-51.149548,417.18251138,,0.090999,-20.3086,0.6298088854643004,10457792007.465132
1094611,1115930,,,,21423121-5106543,,G,325.630066,-51.115108,537.260808043,,0.115247,-21.0309,0.6298096371712231,20340423923.563904
1094612,1115931,,,,21421087-5142402,,G,325.545319,-51.711185,587.898796171,,0.12526099999999998,-21.2495,0.6298105565374584,24877114210.03316
1114602,1135992,,,3320489,21560363-5107288,,G,329.0151370000001,-51.124676,567.545,,0.121250280625,-20.04,0.6455848249988891,8165823713.585939
1140339,1300925,,,142140,,,G,326.159,-51.8217,313.329,,0.0694048247024,-20.2,0.6656160180634151,9462371613.657913
1142388,1303069,,,444883,,,G,328.027,-52.37491,512.861,,0.110378365189,-19.98,0.6669569181986537,7726805850.957022
1142390,1303071,,,445054,,,G,329.185,-52.36303,737.904,,0.154257677129,-20.57,0.666957811388228,13304544179.780985
1142391,1303072,,,445301,,,G,329.135,-52.34615,289.7340000000001,,0.06441123220560001,-19.06,0.6669579337620573,3311311214.8259077
1142408,1303089,,,448462,,,G,328.141,-52.11812000000001,287.078,,0.0638469619235,-19.86,0.6669684095893895,6918309709.18939
1142425,1303106,,,449928,,,G,327.821,-52.00856,338.844,,0.07476738738369999,-19.65,0.6669752783843119,5701642722.807478
1142427,1303108,,,450101,,,G,327.945,-51.9953,340.408,,0.0750947775474,-19.04,0.666975526665697,3250872973.8543468
1142430,1303111,,,450624,,,G,328.504,-51.9529,440.555,,0.0957766378883,-19.03,0.6669762087688288,3221068791.283441
1142431,1303112,,,450755,,,G,328.582,-51.9434,442.588,,0.0961909680955,-19.87,0.6669764668097298,6982324040.771733
1142433,1303114,,,450909,,,G,327.048,-51.9335,289.7340000000001,,0.06441123220560001,-18.79,0.6669771013643829,2582260190.634601
1142434,1303115,,,451066,,,G,328.346,-51.91972,329.61,,0.0728309764155,-19.45,0.6669772766267003,4742419852.6024475
1142436,1303117,,,451135,,,G,328.1090000000001,-51.91532,392.645,,0.0859515729758,-19.61,0.6669777652709036,5495408738.576271
1142438,1303119,,,451369,,,G,328.409,-51.89554,809.096,,0.167696213848,-21.04,0.6669790525884037,20511621788.25571
1142442,1303123,,,451733,,,G,327.581,-51.86488,591.562,,0.12598074299,-20.61,0.666980599801141,13803842646.028866
1142443,1303124,,,451817,,,G,329.848,-51.8586,389.045,,0.08520817260410002,-19.95,0.6669808775731948,7516228940.182045
1142451,1303132,,,452604,,,G,329.629,-51.78635,326.588,,0.07219635609819999,-19.36,0.6669840278264342,4365158322.401666
1142454,1303135,,,453042,,,G,327.315,-51.74765,331.131,,0.0731503865752,-20.19,0.6669851850597734,9375620069.258831
1142455,1303136,,,453181,,,G,327.983,-51.7343,1066.6,,0.21477928739,-21.23,0.6669860880614358,24434305526.939716
1142458,1303139,,,453811,,,G,329.86800000000005,-51.67381,438.531,,0.095363987682,-20.28,0.6669874436399791,10185913880.541231
1142476,1303157,,,457158,,,G,328.708,-51.36348,783.43,,0.162873981437,-21.83,0.6670080664411683,42461956394.6313
1142478,1303159,,,457590,,,G,329.88199999999995,-51.32105,340.408,,0.0750947775474,-19.98,0.667009000164805,7726805850.957022
1142479,1303160,,,457774,,,G,327.824,-51.29918,323.594,,0.0715667757834,-20.09,0.6670093161658726,8550667128.846841
1142484,1303165,,,458169,,,G,329.75,-51.25899999999999,396.278,,0.0867008533504,-20.33,0.6670120993336469,10665961212.302591
1142492,1303173,,,459286,,,G,329.583,-51.14786,727.78,,0.152330296165,-21.08,0.667018124010862,21281390459.827183
1142494,1303175,,,459581,,,G,328.902,-51.11869,334.195,,0.0737929868965,-20.01,0.6670199724154176,7943282347.242822
1142495,1303176,,,459620,,,G,328.645,-51.11479,346.737,,0.0764184082092,-19.42,0.6670201429013501,4613175745.603809
1142496,1303177,,,459676,,,G,327.7680000000001,-51.10908,329.61,,0.0728309764155,-19.66,0.6670203555626919,5754399373.371567
1142505,1303186,,,460249,,,G,328.997,-51.05735,485.289,,0.104841502421,-20.2,0.667023867011511,9462371613.657913
1142507,1303188,,,460333,,,G,327.73,-51.04831,289.7340000000001,,0.06441123220560001,-19.93,0.6670242620874826,7379042301.291045
1142508,1303189,,,460582,,,G,329.552,-51.02581,483.059,,0.104392102196,-20.79,0.6670248642151037,16292960326.397282
1142516,1303197,,,461586,,,G,327.622,-50.92526,496.592,,0.107115803558,-20.07,0.6670283025282976,8394599865.193998
1142523,1303204,,,462641,,,G,329.074,-50.82254,899.498,,0.184486562243,-21.13,0.6670327834957251,22284351492.702984
1142524,1303205,,,462678,,,G,329.599,-50.82001,403.645,,0.0882183141092,-19.87,0.6670330415366262,6982324040.771733
1142526,1303207,,,462753,,,G,328.967,-50.81186,755.092,,0.15752023876,-21.15,0.6670342052490654,22698648518.838303
1142528,1303209,,,463110,,,G,327.904,-50.77391,291.072,,0.0646953623477,-20.0,0.6670350554684331,7870457896.951001
1142533,1303214,,,463856,,,G,327.862,-50.70076,610.942,,0.129778804889,-21.22,0.6670376848668682,24210290467.3618
1142537,1303218,,,464572,,,G,327.745,-50.63038,289.7340000000001,,0.06441123220560001,-19.22,0.6670394554447571,3837072454.9228
1142540,1303221,,,465113,,,G,325.256,-50.57565,440.555,,0.0957766378883,-19.31,0.6670402854522577,4168693834.7033467
1373517,1537115,,,3319729,,,G,325.046,-50.1671,580.764,,0.123857221929,-19.44,0.7713040779978134,4698941086.05216
1373525,1537123,,,3319743,,,G,325.074,-50.56399999999999,334.195,,0.0737929868965,-19.1,0.7713072025762474,3435579478.998757
1373537,1537135,,,3319764,,,G,325.11,-50.7064,334.195,,0.0737929868965,-18.77,0.7713102226080013,2535128630.497907
1373538,1537136,,,3319766,,,G,325.112,-50.0778,578.096,,0.123331801666,-19.43,0.7713103946714209,4655860935.229601
1373548,1537146,,,3319779,,,G,325.146,-50.38659000000001,532.1080000000002,,0.114221157111,-20.42,0.7713138042384406,11587773561.55131
1373577,1537175,,,3319819,,,G,325.275,-50.1879,608.135,,0.129229864615,-19.83,0.7713246486492236,6729766562.843196
1373583,1537181,,,3319827,,,G,325.312,-50.2023,610.942,,0.129778804889,-20.11,0.7713264037315594,8709635899.560833
1373619,1537217,,,3319868,,,G,325.461,-50.284,337.287,,0.07444125722060001,-18.41,0.771339468722591,1819700858.6099825
1373724,1537322,,,3320032,,,G,326.882,-51.7343,512.861,,0.110378365189,-19.56,0.7713843506548921,5248074602.497712
1373732,1537330,,,3320042,,,G,326.954,-51.6805,866.962,,0.17847782923900002,-20.74,0.7713872454845402,15559656316.05075
1373743,1537341,,,3320060,,,G,327.062,-51.4596,454.98800000000006,,0.09871264935630003,-19.4,0.771391545941891,4528975799.036214
1373747,1537345,,,3320067,,,G,327.103,-51.5721,346.737,,0.0764184082092,-18.93,0.7713925931791158,2937649651.9615426
1373752,1537350,,,3320074,,,G,327.122,-51.9845,741.31,,0.154905107453,-19.93,0.7713943772634282,7379042301.291045
1373755,1537353,,,3320081,,,G,327.143,-51.0006,335.73800000000006,,0.07411659705830001,-18.44,0.7713948491130053,1870682140.3658016
1373765,1537363,,,3320095,,,G,327.21,-51.5618,862.9789999999998,,0.17773967887000006,-20.79,0.7713983007612165,16292960326.397282
1373794,1537392,,,3320137,,,G,327.341,-51.3325,597.035,,0.127055103528,-20.11,0.7714061897157213,8709635899.560833
1373797,1537395,,,3320143,,,G,327.361,-50.988,512.861,,0.110378365189,-19.21,0.7714067048651881,3801893963.205628
1373805,1537403,,,3320151,,,G,327.401,-51.2515,291.072,,0.0646953623477,-18.2,0.7714100120014603,1499684835.502374
1373806,1537404,,,3320153,,,G,327.41,-51.1259,335.73800000000006,,0.07411659705830001,-18.47,0.7714100830718259,1923091728.9101613
1373810,1537408,,,3320161,,,G,327.44,-51.51144,508.159,,0.109436724718,-19.89,0.7714110068144748,7112135136.533323
1373811,1537409,,,3320163,,,G,327.447,-50.8306,341.9790000000001,,0.0754236377118,-18.39,0.7714110728364556,1786487574.8520534
1373814,1537412,,,3320167,,,G,327.454,-51.0228,331.131,,0.0731503865752,-19.01,0.7714150383854791,3162277660.16838
1373815,1537413,,,3320168,,,G,327.469,-51.7336,340.408,,0.0750947775474,-19.03,0.7714151574242818,3221068791.283441
1373821,1537419,,,3320177,,,G,327.506,-52.2854,912.011,,0.186787323394,-20.91,0.7714168962157896,18197008586.099827
1373824,1537422,,,3320180,,,G,327.503,-50.7732,1037.53,,0.209574644787,-21.24,0.7714181534467206,24660393372.34336
1373830,1537428,,,3320190,,,G,327.53,-51.12731,300.608,,0.0667168233584,-18.66,0.7714194073100415,2290867652.76777
1373834,1537432,,,3320195,,,G,327.548,-51.5216,1111.73,,0.222807381404,-20.92,0.7714213886470447,18365383433.483585
1373835,1537433,,,3320196,,,G,327.546,-50.6786,963.829,,0.196258328129,-20.64,0.771421913078279,14190575216.890957
1373837,1537435,,,3320199,,,G,327.557,-51.82100000000001,353.18300000000005,,0.0777642988821,-18.85,0.7714225240702435,2728977782.808052
1373840,1537438,,,3320202,,,G,327.565,-51.4301,341.9790000000001,,0.0754236377118,-19.2,0.7714232460759435,3767037989.8390775
1373843,1537441,,,3320207,,,G,327.577,-50.9785,508.159,,0.109436724718,-19.39,0.7714238060403501,4487453899.331332
1373845,1537443,,,3320209,,,G,327.584,-51.4623,748.17,,0.156207738104,-20.54,0.7714244729911084,12941958414.499916
1373846,1537444,,,3320212,,,G,327.59,-50.8682,524.807,,0.112765646383,-20.04,0.7714247747697851,8165823713.585939
1373847,1537445,,,3320213,,,G,327.592,-50.7115,704.693,,0.14791966396,-20.37,0.7714251837370525,11066237839.776676
1373850,1537448,,,3320219,,,G,327.626,-52.0835,588.844,,0.12544671272299998,-20.07,0.7714261540976257,8394599865.193998
1373852,1537450,,,3320223,,,G,327.641,-51.0176,1534.62,,0.295298577649,-21.57,0.7714278674459992,33419504002.611492
1373855,1537453,,,3320226,,,G,327.647,-50.9458,524.807,,0.112765646383,-19.77,0.7714283976452706,6367955209.079162
1373857,1537455,,,3320229,,,G,327.653,-50.6989,1361.44,,0.266171773086,-21.2,0.7714295437623979,23768402866.24873
1373858,1537456,,,3320230,,,G,327.664,-52.0773,389.045,,0.08520817260410002,-18.74,0.7714296348981015,2466039337.234336
1373859,1537457,,,3320233,,,G,327.681,-52.0523,1032.76,,0.208718264359,-20.72,0.7714301994300823,15275660582.380762
1373862,1537460,,,3320236,,,G,327.696,-51.3439,554.626,,0.118694579347,-19.48,0.7714313118495997,4875284901.033871
1373863,1537461,,,3320237,,,G,327.695,-51.02548,296.483,,0.06584301292150001,-18.16,0.7714313652677136,1445439770.7459278
1373864,1537462,,,3320238,,,G,327.701,-51.2893,418.794,,0.0913292556646,-19.1,0.7714314922340388,3435579478.998757
1373870,1537468,,,3320246,,,G,327.722,-50.9482,870.9639999999998,,0.17921891960900002,-20.9,0.7714351202739465,18030177408.5957
1373871,1537469,,,3320247,,,G,327.725,-51.1324,557.186,,0.119201729601,-19.42,0.771435290759879,4613175745.603809
1373873,1537471,,,3320250,,,G,327.744,-51.9603,1132.4,,0.226463693232,-21.08,0.7714362694127582,21281390459.827183
1373876,1537474,,,3320259,,,G,327.779,-51.0425,340.408,,0.0750947775474,-18.29,0.7714372408673364,1629296032.6397278
1373877,1537475,,,3320260,,,G,327.786,-51.4556,343.55800000000005,,0.0757537578769,-18.29,0.7714373010800986,1629296032.6397278
1373880,1537478,,,3320266,,,G,327.802,-51.9752,1142.88,,0.22831274415600006,-20.81,0.7714383996113534,16595869074.375563
1373881,1537479,,,3320268,,,G,327.8040000000001,-51.861,907.821,,0.186017673009,-20.34,0.7714387974331275,10764652136.29835
1373886,1537484,,,3320274,,,G,327.843,-51.70121,912.011,,0.186787323394,-20.77,0.7714409931710184,15995580286.146713
1373887,1537485,,,3320275,,,G,327.845,-51.7873,1081.43,,0.217424238712,-21.39,0.7714420395488972,28313919957.993908
1373888,1537486,,,3320276,,,G,327.848,-51.7769,591.562,,0.12598074299,-19.49,0.7714422213885318,4920395356.814511
1373890,1537488,,,3320281,,,G,327.894,-51.2165,418.794,,0.0913292556646,-18.99,0.7714424223575741,3104559588.128349
1373891,1537489,,,3320282,,,G,327.895,-50.9045,345.144,,0.07608555804280001,-19.09,0.7714425481598648,3404081897.010009
1373892,1537490,,,3320283,,,G,327.904,-51.9041,704.693,,0.14791966396,-19.89,0.7714428109981044,7112135136.533323
1373896,1537494,,,3320287,,,G,327.917,-51.28,335.73800000000006,,0.07411659705830001,-18.78,0.7714452804799878,2558585886.905653
1373897,1537495,,,3320288,,,G,327.9190000000001,-50.8084,1004.62,,0.203650331825,-20.69,0.771445829626905,14859356422.87009
1373902,1537500,,,3320296,,,G,327.959,-50.9335,1013.91,,0.205326132663,-20.96,0.7714473194904955,19054607179.632526
1373903,1537501,,,3320297,,,G,327.959,-50.8838,335.73800000000006,,0.07411659705830001,-19.51,0.7714475047107813,5011872336.272736
1373904,1537502,,,3320298,,,G,327.974,-51.8848,698.232,,0.146681503341,-20.55,0.7714479874232864,13061708881.318405
1373905,1537503,,,3320300,,,G,327.9790000000001,-51.6355,343.55800000000005,,0.0757537578769,-18.3,0.7714480481931903,1644371723.2149289
1373906,1537504,,,3320301,,,G,327.981,-51.7845,907.821,,0.186017673009,-20.4,0.7714484686182068,11376272858.234331
1373907,1537505,,,3320302,,,G,327.9840000000001,-51.9449,392.645,,0.0859515729758,-18.86,0.7714485704043245,2754228703.338175
1373908,1537506,,,3320303,,,G,327.987,-52.0088,1132.4,,0.226463693232,-20.9,0.7714492367330709,18030177408.5957
1373910,1537508,,,3320307,,,G,327.991,-51.9631,741.31,,0.154905107453,-20.45,0.7714498111523433,11912420080.273762
1373915,1537513,,,3320316,,,G,328.015,-51.3598,337.287,,0.07444125722060001,-19.03,0.7714517712712302,3221068791.283441
1373917,1537515,,,3320318,,,G,328.019,-51.045,341.9790000000001,,0.0754236377118,-18.94,0.7714523863024898,2964831389.524339
1373920,1537518,,,3320321,,,G,328.047,-51.6204,325.087,,0.07188072594039999,-18.82,0.7714529052594821,2654605561.975548
1373923,1537521,,,3320325,,,G,328.077,-51.5326,552.077,,0.118189529095,-20.01,0.7714536447374251,7943282347.242822
1373925,1537523,,,3320328,,,G,328.079,-51.2956,616.595,,0.130883615442,-19.48,0.7714539603317337,4875284901.033871
1373928,1537526,,,3320333,,,G,328.11,-51.2498,332.66,,0.0734710567355,-18.42,0.7714551632222236,1836538343.3483512
1373930,1537528,,,3320336,,,G,328.125,-50.8468,519.996,,0.111805105903,-19.21,0.7714554680454689,3801893963.205628
1373931,1537529,,,3320338,,,G,328.151,-51.0549,331.131,,0.0731503865752,-20.0,0.7714557589085161,7870457896.951001
1373934,1537532,,,3320343,,,G,328.18300000000005,-51.7846,440.555,,0.0957766378883,-19.82,0.7714562473406033,6668067692.136246
1373935,1537533,,,3320345,,,G,328.189,-50.7726,517.607,,0.111327565664,-19.73,0.7714564741643656,6137620051.647945
1373936,1537534,,,3320346,,,G,328.19699999999995,-51.8659,714.4960000000002,,0.149795174898,-19.84,0.7714567251729358,6792036326.171857
1373937,1537535,,,3320347,,,G,328.19699999999995,-51.3294,1032.76,,0.208718264359,-21.42,0.7714578008664492,29107171180.6662
1373938,1537536,,,3320348,,,G,328.202,-52.0974,508.159,,0.109436724718,-19.79,0.7714580405777728,6486344335.482401
1373939,1537537,,,3320349,,,G,328.19199999999995,-50.6697,741.31,,0.154905107453,-19.99,0.7714583287741716,7798301105.232576
1373940,1537538,,,3320350,,,G,328.211,-52.4389,1004.62,,0.203650331825,-20.5,0.7714587897610353,12473835142.429485
1373944,1537542,,,3320356,,,G,328.244,-51.72822,340.408,,0.0750947775474,-18.98,0.7714601377053144,3076096814.740705
1373945,1537543,,,3320357,,,G,328.2530000000001,-52.3095,337.287,,0.07444125722060001,-18.5,0.7714602107668086,1976969640.111866
1373946,1537544,,,3320358,,,G,328.261,-52.4038,328.095,,0.07251282625639999,-18.62,0.7714602923665063,2208004733.018897
1373947,1537545,,,3320359,,,G,328.266,-50.5935,741.31,,0.154905107453,-20.18,0.7714606356781631,9289663867.7994
1373948,1537546,,,3320360,,,G,328.276,-51.1269,542.001,,0.116189488095,-20.19,0.7714609821664437,9375620069.258831
1373949,1537547,,,3320361,,,G,328.281,-51.45399999999999,1071.52,,0.215657507829,-20.79,0.7714615842940648,16292960326.397282
1373950,1537548,,,3320363,,,G,328.30300000000005,-52.3322,413.048,,0.0901507350754,-18.71,0.7714616729460673,2398832919.019495
1373952,1537550,,,3320367,,,G,328.327,-50.7794,508.159,,0.109436724718,-19.65,0.7714623489100406,5701642722.807478
1373953,1537551,,,3320368,,,G,328.342,-51.0638,527.23,,0.113248856624,-19.32,0.7714625043950593,4207266283.8444633
1373954,1537552,,,3320369,,,G,328.341,-50.7971,517.607,,0.111327565664,-19.29,0.7714626556426794,4092606597.3001275
1373955,1537553,,,3320370,,,G,328.38699999999994,-50.7258,859.0139999999999,,0.17700425850200002,-20.73,0.7714632253982102,15417004529.495615
1373956,1537554,,,3320371,,,G,328.399,-52.0783,1148.15,,0.229241364621,-20.91,0.7714638978924206,18197008586.099827
1373957,1537555,,,3320373,,,G,328.415,-51.4995,741.31,,0.154905107453,-20.08,0.771464210996373,8472274141.40598
1373958,1537556,,,3320374,,,G,328.42,-51.1332,562.341,,0.120221700111,-19.64,0.7714644197762078,5649369748.123057
1373959,1537557,,,3320375,,,G,328.418,-50.7149,519.996,,0.111805105903,-19.38,0.7714645840954979,4446312674.691084
1373960,1537558,,,3320376,,,G,328.431,-52.21607,440.555,,0.0957766378883,-19.3,0.7714647367425951,4130475019.9016094
1373961,1537559,,,3320379,,,G,328.452,-51.729,542.001,,0.116189488095,-19.26,0.7714648838682976,3981071705.534985
1373962,1537560,,,3320380,,,G,328.461,-51.206,594.2919999999998,,0.12651687325799998,-20.03,0.7714651828802508,8090958991.783845
1373963,1537561,,,3320381,,,G,328.475,-51.8056,855.067,,0.176271568136,-20.37,0.7714655918475183,11066237839.776676
1373964,1537562,,,3320384,,,G,328.495,-51.214,570.164,,0.121767510884,-19.59,0.7714657912307127,5395106225.151268
1373965,1537563,,,3320386,,,G,328.50699999999995,-51.795,588.844,,0.12544671272299998,-19.57,0.7714659869747537,5296634438.916602
1373966,1537564,,,3320387,,,G,328.515,-52.4701,1191.24,,0.236803468402,-21.04,0.7714667450085171,20511621788.25571
1373968,1537566,,,3320389,,,G,328.527,-51.9432,334.195,,0.0737929868965,-18.57,0.7714675271235094,2108628149.9332972
1373969,1537567,,,3320390,,,G,328.531,-51.8915,337.287,,0.07444125722060001,-18.3,0.7714675878934133,1644371723.2149289
1373971,1537569,,,3320393,,,G,328.537,-50.6285,401.791,,0.0878367439184,-18.98,0.7714679412859109,3076096814.740705
1373972,1537570,,,3320394,,,G,328.557,-52.4766,1051.96,,0.212161426081,-20.9,0.7714686076146573,18030177408.5957
1373974,1537572,,,3320396,,,G,328.557,-50.5089,928.966,,0.189896374948,-20.6,0.771470454879057,13677288255.958578
1373975,1537573,,,3320397,,,G,328.5780000000001,-52.4426,847.227,,0.17481479740699998,-20.2,0.7714708045733539,9462371613.657913
1373978,1537576,,,3320405,,,G,328.6040000000001,-52.34,597.035,,0.127055103528,-19.66,0.7714714269498979,5754399373.371567
1373980,1537578,,,3320408,,,G,328.597,-50.8994,498.884,,0.107576333788,-19.56,0.7714719487594338,5248074602.497712
1373982,1537580,,,3320411,,,G,328.625,-51.3205,1132.4,,0.226463693232,-21.1,0.7714731060583869,21677041048.19705
1373984,1537582,,,3320414,,,G,328.653,-52.31773,597.035,,0.127055103528,-19.99,0.7714736644567799,7798301105.232576
1373985,1537583,,,3320416,,,G,328.661,-51.9872,549.5409999999998,,0.117686578843,-19.81,0.7714739086246696,6606934480.075964
1373986,1537584,,,3320417,,,G,328.662,-51.6062,416.869,,0.0909346654673,-18.93,0.7714740171893479,2937649651.9615426
1373987,1537585,,,3320419,,,G,328.658,-50.6919,608.135,,0.129229864615,-20.27,0.7714743901719288,10092528860.766834
1373989,1537587,,,3320422,,,G,328.68,-51.7981,1076.47,,0.21654034827,-20.76,0.7714752460918947,15848931924.611176
1373991,1537589,,,3320424,,,G,328.682,-51.1909,341.9790000000001,,0.0754236377118,-18.31,0.7714756702418658,1659586907.4375565
1373992,1537590,,,3320425,,,G,328.686,-51.459,831.7639999999999,,0.171934645967,-21.29,0.7714766245498335,25822601906.34601
1373993,1537591,,,3320426,,,G,328.686,-50.8008,331.131,,0.0731503865752,-18.7,0.7714767123890695,2376840286.6248736
1373994,1537592,,,3320427,,,G,328.706,-52.212,591.562,,0.12598074299,-20.36,0.7714771176069025,10964781961.431871
1373995,1537593,,,3320428,,,G,328.702,-51.2834,809.096,,0.167696213848,-20.16,0.7714774546524154,9120108393.559114
1373997,1537595,,,3320432,,,G,328.712,-50.5412,748.17,,0.156207738104,-20.26,0.7714784375374808,10000000000.0
1373998,1537596,,,3320433,,,G,328.728,-52.345,711.2139999999998,,0.149167694584,-19.9,0.7714787028077327,7177942912.713644
1374000,1537598,,,3320435,,,G,328.722,-51.0428,483.059,,0.104392102196,-18.96,0.7714792013940177,3019951720.4020314
1374001,1537599,,,3320436,,,G,328.741,-51.5661,416.869,,0.0909346654673,-18.63,0.7714792837487481,2228435149.2702985
1374002,1537600,,,3320437,,,G,328.7480000000001,-52.3484,1009.25,,0.204485922243,-20.81,0.7714798970707574,16595869074.375563
1374003,1537601,,,3320438,,,G,328.74,-50.8312,512.861,,0.110378365189,-19.38,0.7714800613900474,4446312674.691084
1374004,1537602,,,3320439,,,G,328.7530000000001,-51.4796,414.954,,0.090541965271,-18.97,0.7714801740289859,3047894989.6279826
1374006,1537604,,,3320442,,,G,328.759,-50.8022,508.159,,0.109436724718,-19.18,0.7714804424349886,3698281797.8026743
1374009,1537607,,,3320447,,,G,328.77,-51.23297,335.73800000000006,,0.07411659705830001,-18.82,0.7714814118374119,2654605561.975548
1374010,1537608,,,3320448,,,G,328.772,-50.7703,537.0319999999998,,0.115201437601,-19.19,0.7714815497768809,3732501577.957214
1374011,1537609,,,3320450,,,G,328.797,-51.2325,741.31,,0.154905107453,-20.1,0.7714818687018702,8629785477.669737
1374013,1537611,,,3320454,,,G,328.814,-51.6571,591.562,,0.12598074299,-20.83,0.7714830845639404,16904409316.4327
1374014,1537612,,,3320455,,,G,328.8180000000001,-51.2666,583.445,,0.124384952192,-20.6,0.7714835900259851,13677288255.958578
1374015,1537613,,,3320457,,,G,328.821,-51.4585,1318.26,,0.258793839397,-21.23,0.7714844930276474,24434305526.939716
1374016,1537614,,,3320458,,,G,328.82199999999995,-51.0635,602.56,,0.128138284069,-20.3,0.7714848764598197,10375284158.180126
1374018,1537616,,,3320464,,,G,328.876,-51.8162,594.2919999999998,,0.12651687325799998,-19.86,0.7714854949527576,6918309709.18939
1374019,1537617,,,3320465,,,G,328.875,-50.9863,899.498,,0.184486562243,-20.9,0.771486161281504,18030177408.5957
1374020,1537618,,,3320466,,,G,328.874,-50.7678,332.66,,0.0734710567355,-18.19,0.7714862161961958,1485935642.287009
1374024,1537622,,,3320472,,,G,328.905,-51.4712,524.807,,0.112765646383,-19.2,0.7714870608887651,3767037989.8390775
1374026,1537624,,,3320474,,,G,328.91,-50.773,698.232,,0.146681503341,-19.86,0.7714874570678881,6918309709.18939
1374030,1537628,,,3320481,,,G,328.954,-51.0278,748.17,,0.156207738104,-20.52,0.7714887250888954,12705741052.085394
1374031,1537629,,,3320482,,,G,328.958,-51.1131,567.545,,0.121250280625,-20.02,0.7714890213594905,8016780633.876789
1374033,1537631,,,3320484,,,G,328.987,-51.2965,588.844,,0.12544671272299998,-19.58,0.7714897243767733,5345643593.969735
1374034,1537632,,,3320485,,,G,328.99,-51.5802,1096.48,,0.220101530051,-20.8,0.7714903320758127,16443717232.149357
1374035,1537633,,,3320490,,,G,329.029,-50.69300000000001,895.365,,0.183725311863,-20.34,0.7714907298975868,10764652136.29835
1374036,1537634,,,3320491,,,G,329.035,-51.3818,588.844,,0.12544671272299998,-20.0,0.7714910207606341,7870457896.951001
1374037,1537635,,,3320492,,,G,329.035,-50.9741,1096.48,,0.220101530051,-20.78,0.7714916173679158,16143585568.264938
1374039,1537637,,,3320494,,,G,329.042,-51.3427,755.092,,0.15752023876,-20.28,0.7714925429485792,10185913880.541231
1374042,1537640,,,3320498,,,G,329.0540000000001,-50.9954,1096.48,,0.220101530051,-21.23,0.7714942046073313,24434305526.939716
1374043,1537641,,,3320501,,,G,329.095,-51.0979,483.059,,0.104392102196,-19.65,0.7714944153189823,5701642722.807478
1374044,1537642,,,3320502,,,G,329.097,-50.6623,440.555,,0.0957766378883,-18.95,0.7714945259020286,2992264636.608183
1374046,1537644,,,3320506,,,G,329.121,-50.9735,485.289,,0.104841502421,-19.52,0.771494806525125,5058246620.031148
1374047,1537645,,,3320507,,,G,329.1280000000001,-51.6048,438.531,,0.095363987682,-19.73,0.7714950333488874,6137620051.647945
1374048,1537646,,,3320511,,,G,329.139,-51.8822,389.045,,0.08520817260410002,-18.52,0.7714951077686961,2013724249.8623896
1374052,1537650,,,3320517,,,G,329.1690000000001,-51.5211,381.944,,0.08374006187000001,-18.45,0.7714959969040031,1887991349.0962925
1374053,1537651,,,3320518,,,G,329.17800000000005,-51.2828,859.0139999999999,,0.17700425850200002,-20.24,0.7714963597217733,9817479430.199823
1374054,1537652,,,3320519,,,G,329.2,-51.7901,721.107,,0.151057695529,-19.98,0.7714966452759717,7726805850.957022
1374057,1537655,,,3320524,,,G,329.225,-50.84181,512.861,,0.110378365189,-19.58,0.7714975930265943,5345643593.969735
1374061,1537659,,,3320529,,,G,329.2580000000001,-50.8726,805.378,,0.1669992235,-20.18,0.7714987099319209,9289663867.7994
1374063,1537661,,,3320532,,,G,329.269,-50.6756,489.779,,0.105745762873,-19.73,0.771499172091782,6137620051.647945
1374065,1537663,,,3320537,,,G,329.301,-51.5857,748.17,,0.156207738104,-20.02,0.7714997962224641,8016780633.876789
1374066,1537664,,,3320539,,,G,329.311,-51.2658,776.247,,0.16151990076,-20.97,0.7715005069261204,19230917289.101616
1374077,1537675,,,3320554,,,G,329.402,-50.9225,734.5139999999999,,0.153612766806,-19.92,0.7715043012052779,7311390834.834217
1374080,1537678,,,3320559,,,G,329.42,-50.8197,727.78,,0.152330296165,-21.03,0.7715067538479858,20323570109.36229
1374083,1537681,,,3320564,,,G,329.456,-51.6845,744.732,,0.155555057778,-20.19,0.7715081474118246,9375620069.258831
1374085,1537683,,,3320567,,,G,329.468,-51.2691,986.279,,0.200333380167,-21.29,0.7715094387653052,25822601906.34601
1374089,1537687,,,3320573,,,G,329.487,-51.6179,1091.44,,0.219205669603,-21.08,0.7715109250808594,21281390459.827183
1374094,1537692,,,3320579,,,G,329.5030000000001,-51.0398,483.059,,0.104392102196,-19.51,0.7715120304893343,5011872336.272736
1374095,1537693,,,3320581,,,G,329.52,-51.645,613.762,,0.130330055165,-19.82,0.7715122769164817,6668067692.136246
1374096,1537694,,,3320582,,,G,329.522,-51.4838,483.059,,0.104392102196,-19.54,0.7715124673259541,5152286445.817583
1374104,1537702,,,3320597,,,G,329.576,-50.8183,517.607,,0.111327565664,-20.46,0.771515315714952,12022644346.17418
1374105,1537703,,,3320598,,,G,329.576,-50.8445,512.861,,0.110378365189,-19.73,0.7715155425387143,6137620051.647945
1374106,1537704,,,3320601,,,G,329.592,-51.2698,440.555,,0.0957766378883,-18.74,0.7715156336744177,2466039337.234336
1374109,1537707,,,3320607,,,G,329.616,-51.0695,485.289,,0.104841502421,-19.54,0.7715162610796351,5152286445.817583
1374125,1537723,,,3320634,,,G,329.722,-51.5629,438.531,,0.095363987682,-18.9,0.7715207347097083,2857590543.374955
1374129,1537727,,,3320639,,,G,329.7340000000001,-51.4402,480.839,,0.103944381972,-19.85,0.771521603129194,6854882264.526649
1374136,1537734,,,3320648,,,G,329.776,-51.194,508.159,,0.109436724718,-19.92,0.7715241036017241,7311390834.834217
1374144,1537742,,,3320660,,,G,329.841,-51.7638,734.5139999999999,,0.153612766806,-20.06,0.7715272012587022,8317637711.02671
1374152,1537750,,,3320672,,,G,329.881,-51.915,1318.26,,0.258793839397,-21.58,0.7715318721921498,33728730865.886925
1374154,1537752,,,3320681,,,G,329.913,-51.7712,387.258,,0.08483899241949999,-18.86,0.7715320974844079,2754228703.338175
1374165,1537763,,,3320698,,,G,329.954,-51.3866,1213.39,,0.240670200335,-21.14,0.7715370152476473,22490546058.357918
1374166,1537764,,,3320699,,,G,329.957,-51.4338,731.1389999999999,,0.152970166485,-20.2,0.7715373649419444,9462371613.657913
1374168,1537766,,,3320703,,,G,329.965,-51.5339,440.555,,0.0957766378883,-19.09,0.7715382146608591,3404081897.010009
